labeled_image,preprocessed_index
improbable-0.jpg,train-1
improbable-1.jpg,train-3
improbable-10.jpg,train-5
improbable-100.jpg,train-7
improbable-101.jpg,train-9
improbable-102.jpg,validation-1
improbable-103.jpg,train-11
improbable-104.jpg,train-13
improbable-105.jpg,train-15
improbable-106.jpg,train-17
improbable-107.jpg,train-19
improbable-108.jpg,train-21
improbable-109.jpg,validation-3
improbable-11.jpg,train-23
improbable-110.jpg,train-25
improbable-111.jpg,train-27
improbable-112.jpg,train-29
improbable-113.jpg,train-31
improbable-114.jpg,train-33
improbable-115.jpg,test-0
improbable-116.jpg,train-35
improbable-117.jpg,train-37
improbable-118.jpg,test-1
improbable-119.jpg,train-39
improbable-12.jpg,test-2
improbable-120.jpg,train-41
improbable-121.jpg,train-43
improbable-122.jpg,train-45
improbable-123.jpg,test-3
improbable-124.jpg,train-47
improbable-125.jpg,train-49
improbable-126.jpg,train-51
improbable-127.jpg,train-53
improbable-128.jpg,train-55
improbable-129.jpg,train-57
improbable-13.jpg,train-59
improbable-130.jpg,validation-5
improbable-131.jpg,train-61
improbable-132.jpg,train-63
improbable-133.jpg,train-65
improbable-134.jpg,test-4
improbable-135.jpg,test-5
improbable-136.jpg,train-67
improbable-137.jpg,test-6
improbable-138.jpg,test-7
improbable-139.jpg,train-69
improbable-14.jpg,train-71
improbable-140.jpg,train-73
improbable-141.jpg,test-8
improbable-142.jpg,train-75
improbable-143.jpg,train-77
improbable-144.jpg,test-9
improbable-145.jpg,validation-7
improbable-146.jpg,train-79
improbable-147.jpg,train-81
improbable-148.jpg,train-83
improbable-149.jpg,train-85
improbable-15.jpg,validation-9
improbable-150.jpg,train-87
improbable-151.jpg,train-89
improbable-152.jpg,train-91
improbable-153.jpg,test-10
improbable-154.jpg,train-93
improbable-155.jpg,train-95
improbable-156.jpg,train-97
improbable-157.jpg,train-99
improbable-158.jpg,validation-11
improbable-159.jpg,train-101
improbable-16.jpg,train-103
improbable-160.jpg,validation-13
improbable-161.jpg,train-105
improbable-162.jpg,train-107
improbable-163.jpg,test-11
improbable-164.jpg,test-12
improbable-165.jpg,train-109
improbable-166.jpg,train-111
improbable-167.jpg,train-113
improbable-168.jpg,validation-15
improbable-169.jpg,train-115
improbable-17.jpg,train-117
improbable-170.jpg,train-119
improbable-171.jpg,test-13
improbable-172.jpg,train-121
improbable-173.jpg,train-123
improbable-174.jpg,train-125
improbable-175.jpg,train-127
improbable-176.jpg,train-129
improbable-177.jpg,train-131
improbable-178.jpg,train-133
improbable-179.jpg,validation-17
improbable-18.jpg,train-135
improbable-180.jpg,train-137
improbable-181.jpg,validation-19
improbable-182.jpg,train-139
improbable-183.jpg,train-141
improbable-184.jpg,train-143
improbable-185.jpg,train-145
improbable-186.jpg,test-14
improbable-187.jpg,test-15
improbable-188.jpg,train-147
improbable-189.jpg,train-149
improbable-19.jpg,test-16
improbable-190.jpg,train-151
improbable-191.jpg,train-153
improbable-192.jpg,train-155
improbable-193.jpg,validation-21
improbable-194.jpg,test-17
improbable-195.jpg,test-18
improbable-196.jpg,train-157
improbable-197.jpg,train-159
improbable-198.jpg,train-161
improbable-199.jpg,train-163
improbable-2.jpg,train-165
improbable-20.jpg,train-167
improbable-200.jpg,test-19
improbable-201.jpg,train-169
improbable-202.jpg,test-20
improbable-203.jpg,test-21
improbable-204.jpg,test-22
improbable-205.jpg,train-171
improbable-206.jpg,train-173
improbable-207.jpg,train-175
improbable-208.jpg,train-177
improbable-209.jpg,train-179
improbable-21.jpg,test-23
improbable-210.jpg,test-24
improbable-211.jpg,train-181
improbable-212.jpg,train-183
improbable-213.jpg,train-185
improbable-214.jpg,train-187
improbable-215.jpg,validation-23
improbable-216.jpg,validation-25
improbable-217.jpg,train-189
improbable-218.jpg,test-25
improbable-219.jpg,test-26
improbable-22.jpg,train-191
improbable-220.jpg,train-193
improbable-221.jpg,train-195
improbable-222.jpg,train-197
improbable-223.jpg,train-199
improbable-224.jpg,train-201
improbable-225.jpg,train-203
improbable-226.jpg,train-205
improbable-227.jpg,test-27
improbable-228.jpg,train-207
improbable-229.jpg,train-209
improbable-23.jpg,test-28
improbable-230.jpg,validation-27
improbable-231.jpg,train-211
improbable-232.jpg,test-29
improbable-233.jpg,train-213
improbable-234.jpg,train-215
improbable-235.jpg,validation-29
improbable-236.jpg,train-217
improbable-237.jpg,train-219
improbable-238.jpg,test-30
improbable-239.jpg,test-31
improbable-24.jpg,test-32
improbable-240.jpg,train-221
improbable-241.jpg,train-223
improbable-242.jpg,train-225
improbable-243.jpg,train-227
improbable-244.jpg,train-229
improbable-245.jpg,test-33
improbable-246.jpg,test-34
improbable-247.jpg,train-231
improbable-248.jpg,train-233
improbable-249.jpg,train-235
improbable-25.jpg,train-237
improbable-250.jpg,train-239
improbable-251.jpg,train-241
improbable-252.jpg,test-35
improbable-253.jpg,train-243
improbable-254.jpg,test-36
improbable-255.jpg,train-245
improbable-256.jpg,test-37
improbable-257.jpg,validation-31
improbable-258.jpg,train-247
improbable-259.jpg,test-38
improbable-26.jpg,train-249
improbable-260.jpg,train-251
improbable-261.jpg,train-253
improbable-262.jpg,train-255
improbable-263.jpg,validation-33
improbable-264.jpg,train-257
improbable-265.jpg,train-259
improbable-266.jpg,train-261
improbable-267.jpg,train-263
improbable-268.jpg,train-265
improbable-269.jpg,train-267
improbable-27.jpg,train-269
improbable-270.jpg,test-39
improbable-271.jpg,validation-35
improbable-272.jpg,train-271
improbable-273.jpg,train-273
improbable-274.jpg,train-275
improbable-275.jpg,validation-37
improbable-276.jpg,validation-39
improbable-277.jpg,test-40
improbable-278.jpg,train-277
improbable-279.jpg,train-279
improbable-28.jpg,test-41
improbable-280.jpg,train-281
improbable-281.jpg,train-283
improbable-282.jpg,train-285
improbable-283.jpg,test-42
improbable-284.jpg,train-287
improbable-285.jpg,test-43
improbable-286.jpg,train-289
improbable-287.jpg,train-291
improbable-288.jpg,validation-41
improbable-289.jpg,train-293
improbable-29.jpg,train-295
improbable-290.jpg,test-44
improbable-291.jpg,train-297
improbable-292.jpg,validation-43
improbable-293.jpg,test-45
improbable-294.jpg,test-46
improbable-295.jpg,train-299
improbable-296.jpg,train-301
improbable-297.jpg,train-303
improbable-298.jpg,test-47
improbable-299.jpg,test-48
improbable-3.jpg,train-305
improbable-30.jpg,train-307
improbable-300.jpg,test-49
improbable-301.jpg,train-309
improbable-302.jpg,train-311
improbable-303.jpg,train-313
improbable-304.jpg,test-50
improbable-305.jpg,train-315
improbable-306.jpg,train-317
improbable-307.jpg,train-319
improbable-308.jpg,train-321
improbable-309.jpg,validation-45
improbable-31.jpg,train-323
improbable-310.jpg,train-325
improbable-311.jpg,train-327
improbable-312.jpg,train-329
improbable-313.jpg,validation-47
improbable-314.jpg,train-331
improbable-315.jpg,train-333
improbable-316.jpg,train-335
improbable-317.jpg,train-337
improbable-318.jpg,test-51
improbable-319.jpg,train-339
improbable-32.jpg,train-341
improbable-320.jpg,test-52
improbable-321.jpg,train-343
improbable-322.jpg,train-345
improbable-323.jpg,train-347
improbable-324.jpg,train-349
improbable-325.jpg,train-351
improbable-326.jpg,train-353
improbable-327.jpg,train-355
improbable-328.jpg,train-357
improbable-329.jpg,train-359
improbable-33.jpg,train-361
improbable-330.jpg,train-363
improbable-331.jpg,test-53
improbable-332.jpg,train-365
improbable-333.jpg,train-367
improbable-334.jpg,train-369
improbable-335.jpg,test-54
improbable-336.jpg,train-371
improbable-337.jpg,test-55
improbable-338.jpg,test-56
improbable-339.jpg,train-373
improbable-34.jpg,test-57
improbable-340.jpg,train-375
improbable-341.jpg,train-377
improbable-342.jpg,train-379
improbable-343.jpg,validation-49
improbable-344.jpg,train-381
improbable-345.jpg,train-383
improbable-346.jpg,validation-51
improbable-347.jpg,train-385
improbable-348.jpg,train-387
improbable-349.jpg,train-389
improbable-35.jpg,test-58
improbable-350.jpg,train-391
improbable-351.jpg,train-393
improbable-352.jpg,test-59
improbable-353.jpg,train-395
improbable-354.jpg,train-397
improbable-355.jpg,train-399
improbable-356.jpg,train-401
improbable-357.jpg,train-403
improbable-358.jpg,test-60
improbable-359.jpg,train-405
improbable-36.jpg,train-407
improbable-360.jpg,train-409
improbable-361.jpg,train-411
improbable-362.jpg,train-413
improbable-363.jpg,train-415
improbable-364.jpg,train-417
improbable-365.jpg,train-419
improbable-366.jpg,train-421
improbable-367.jpg,train-423
improbable-368.jpg,train-425
improbable-369.jpg,train-427
improbable-37.jpg,train-429
improbable-370.jpg,validation-53
improbable-371.jpg,train-431
improbable-372.jpg,train-433
improbable-373.jpg,validation-55
improbable-374.jpg,test-61
improbable-375.jpg,train-435
improbable-376.jpg,test-62
improbable-377.jpg,train-437
improbable-378.jpg,train-439
improbable-379.jpg,test-63
improbable-38.jpg,train-441
improbable-380.jpg,train-443
improbable-381.jpg,train-445
improbable-382.jpg,validation-57
improbable-383.jpg,train-447
improbable-384.jpg,train-449
improbable-385.jpg,train-451
improbable-386.jpg,train-453
improbable-387.jpg,test-64
improbable-388.jpg,train-455
improbable-389.jpg,train-457
improbable-39.jpg,train-459
improbable-390.jpg,train-461
improbable-391.jpg,train-463
improbable-392.jpg,train-465
improbable-393.jpg,train-467
improbable-394.jpg,validation-59
improbable-395.jpg,test-65
improbable-396.jpg,test-66
improbable-397.jpg,train-469
improbable-398.jpg,train-471
improbable-399.jpg,train-473
improbable-4.jpg,train-475
improbable-40.jpg,validation-61
improbable-400.jpg,train-477
improbable-401.jpg,train-479
improbable-402.jpg,train-481
improbable-403.jpg,train-483
improbable-404.jpg,train-485
improbable-405.jpg,train-487
improbable-406.jpg,train-489
improbable-407.jpg,train-491
improbable-408.jpg,train-493
improbable-409.jpg,train-495
improbable-41.jpg,train-497
improbable-410.jpg,train-499
improbable-411.jpg,train-501
improbable-412.jpg,train-503
improbable-413.jpg,train-505
improbable-414.jpg,test-67
improbable-415.jpg,train-507
improbable-416.jpg,train-509
improbable-417.jpg,train-511
improbable-418.jpg,train-513
improbable-419.jpg,train-515
improbable-42.jpg,train-517
improbable-420.jpg,test-68
improbable-421.jpg,train-519
improbable-422.jpg,test-69
improbable-423.jpg,train-521
improbable-424.jpg,train-523
improbable-425.jpg,test-70
improbable-426.jpg,train-525
improbable-427.jpg,train-527
improbable-428.jpg,train-529
improbable-429.jpg,validation-63
improbable-43.jpg,validation-65
improbable-430.jpg,train-531
improbable-431.jpg,train-533
improbable-432.jpg,train-535
improbable-433.jpg,test-71
improbable-434.jpg,train-537
improbable-435.jpg,train-539
improbable-436.jpg,train-541
improbable-437.jpg,test-72
improbable-438.jpg,train-543
improbable-439.jpg,train-545
improbable-44.jpg,train-547
improbable-440.jpg,train-549
improbable-441.jpg,test-73
improbable-442.jpg,train-551
improbable-443.jpg,train-553
improbable-444.jpg,train-555
improbable-445.jpg,train-557
improbable-446.jpg,train-559
improbable-447.jpg,train-561
improbable-448.jpg,train-563
improbable-449.jpg,train-565
improbable-45.jpg,train-567
improbable-450.jpg,test-74
improbable-451.jpg,test-75
improbable-452.jpg,train-569
improbable-453.jpg,train-571
improbable-454.jpg,train-573
improbable-455.jpg,test-76
improbable-456.jpg,train-575
improbable-457.jpg,train-577
improbable-458.jpg,test-77
improbable-459.jpg,train-579
improbable-46.jpg,train-581
improbable-460.jpg,test-78
improbable-461.jpg,train-583
improbable-462.jpg,test-79
improbable-463.jpg,test-80
improbable-464.jpg,train-585
improbable-465.jpg,train-587
improbable-466.jpg,validation-67
improbable-467.jpg,train-589
improbable-468.jpg,train-591
improbable-469.jpg,train-593
improbable-47.jpg,train-595
improbable-470.jpg,train-597
improbable-471.jpg,train-599
improbable-472.jpg,train-601
improbable-473.jpg,train-603
improbable-474.jpg,train-605
improbable-475.jpg,train-607
improbable-476.jpg,train-609
improbable-477.jpg,test-81
improbable-478.jpg,train-611
improbable-479.jpg,test-82
improbable-48.jpg,train-613
improbable-480.jpg,test-83
improbable-481.jpg,train-615
improbable-482.jpg,train-617
improbable-483.jpg,train-619
improbable-484.jpg,train-621
improbable-485.jpg,validation-69
improbable-486.jpg,train-623
improbable-487.jpg,train-625
improbable-488.jpg,test-84
improbable-489.jpg,train-627
improbable-49.jpg,train-629
improbable-490.jpg,train-631
improbable-491.jpg,train-633
improbable-492.jpg,train-635
improbable-493.jpg,train-637
improbable-494.jpg,train-639
improbable-495.jpg,train-641
improbable-496.jpg,validation-71
improbable-497.jpg,train-643
improbable-498.jpg,train-645
improbable-499.jpg,test-85
improbable-5.jpg,train-647
improbable-50.jpg,train-649
improbable-500.jpg,test-86
improbable-501.jpg,test-87
improbable-502.jpg,test-88
improbable-503.jpg,train-651
improbable-504.jpg,train-653
improbable-505.jpg,train-655
improbable-506.jpg,train-657
improbable-507.jpg,test-89
improbable-508.jpg,train-659
improbable-509.jpg,train-661
improbable-51.jpg,test-90
improbable-510.jpg,train-663
improbable-511.jpg,test-91
improbable-512.jpg,train-665
improbable-513.jpg,test-92
improbable-514.jpg,train-667
improbable-515.jpg,test-93
improbable-516.jpg,train-669
improbable-517.jpg,train-671
improbable-518.jpg,train-673
improbable-519.jpg,train-675
improbable-52.jpg,validation-73
improbable-520.jpg,validation-75
improbable-521.jpg,train-677
improbable-522.jpg,test-94
improbable-523.jpg,train-679
improbable-524.jpg,train-681
improbable-525.jpg,test-95
improbable-526.jpg,train-683
improbable-527.jpg,train-685
improbable-528.jpg,train-687
improbable-529.jpg,validation-77
improbable-53.jpg,test-96
improbable-530.jpg,test-97
improbable-531.jpg,train-689
improbable-532.jpg,test-98
improbable-533.jpg,train-691
improbable-534.jpg,train-693
improbable-535.jpg,train-695
improbable-536.jpg,train-697
improbable-537.jpg,train-699
improbable-538.jpg,train-701
improbable-539.jpg,train-703
improbable-54.jpg,train-705
improbable-540.jpg,train-707
improbable-541.jpg,train-709
improbable-542.jpg,validation-79
improbable-543.jpg,train-711
improbable-544.jpg,train-713
improbable-545.jpg,train-715
improbable-546.jpg,train-717
improbable-547.jpg,train-719
improbable-548.jpg,train-721
improbable-549.jpg,train-723
improbable-55.jpg,train-725
improbable-550.jpg,train-727
improbable-551.jpg,train-729
improbable-552.jpg,train-731
improbable-553.jpg,train-733
improbable-554.jpg,train-735
improbable-56.jpg,train-737
improbable-57.jpg,train-739
improbable-58.jpg,train-741
improbable-59.jpg,train-743
improbable-6.jpg,test-99
improbable-60.jpg,test-100
improbable-61.jpg,train-745
improbable-62.jpg,train-747
improbable-63.jpg,test-101
improbable-64.jpg,train-749
improbable-65.jpg,train-751
improbable-66.jpg,train-753
improbable-67.jpg,train-755
improbable-68.jpg,train-757
improbable-69.jpg,train-759
improbable-7.jpg,train-761
improbable-70.jpg,train-763
improbable-71.jpg,train-765
improbable-72.jpg,train-767
improbable-73.jpg,validation-81
improbable-74.jpg,train-769
improbable-75.jpg,train-771
improbable-76.jpg,train-773
improbable-77.jpg,train-775
improbable-78.jpg,train-777
improbable-79.jpg,train-779
improbable-8.jpg,train-781
improbable-80.jpg,validation-83
improbable-81.jpg,train-783
improbable-82.jpg,train-785
improbable-83.jpg,train-787
improbable-84.jpg,train-789
improbable-85.jpg,train-791
improbable-86.jpg,train-793
improbable-87.jpg,test-102
improbable-88.jpg,test-103
improbable-89.jpg,train-795
improbable-9.jpg,train-797
improbable-90.jpg,train-799
improbable-91.jpg,train-801
improbable-92.jpg,train-803
improbable-93.jpg,train-805
improbable-94.jpg,test-104
improbable-95.jpg,train-807
improbable-96.jpg,train-809
improbable-97.jpg,train-811
improbable-98.jpg,test-105
improbable-99.jpg,train-813
possible-0.jpg,train-815
possible-1.jpg,train-817
possible-10.jpg,train-819
possible-100.jpg,train-821
possible-101.jpg,train-823
possible-102.jpg,train-825
possible-103.jpg,train-827
possible-104.jpg,test-106
possible-105.jpg,train-829
possible-106.jpg,validation-85
possible-107.jpg,test-107
possible-108.jpg,test-108
possible-109.jpg,train-831
possible-11.jpg,train-833
possible-110.jpg,train-835
possible-111.jpg,train-837
possible-112.jpg,train-839
possible-113.jpg,train-841
possible-114.jpg,train-843
possible-115.jpg,train-845
possible-116.jpg,train-847
possible-117.jpg,train-849
possible-118.jpg,test-109
possible-119.jpg,train-851
possible-12.jpg,test-110
possible-120.jpg,train-853
possible-121.jpg,test-111
possible-122.jpg,train-855
possible-123.jpg,validation-87
possible-124.jpg,train-857
possible-125.jpg,train-859
possible-126.jpg,validation-89
possible-127.jpg,test-112
possible-128.jpg,train-861
possible-129.jpg,train-863
possible-13.jpg,train-865
possible-130.jpg,validation-91
possible-131.jpg,test-113
possible-132.jpg,validation-93
possible-133.jpg,validation-95
possible-134.jpg,train-867
possible-135.jpg,train-869
possible-136.jpg,train-871
possible-137.jpg,train-873
possible-138.jpg,train-875
possible-139.jpg,train-877
possible-14.jpg,train-879
possible-140.jpg,validation-97
possible-141.jpg,train-881
possible-142.jpg,train-883
possible-143.jpg,test-114
possible-144.jpg,test-115
possible-145.jpg,train-885
possible-146.jpg,train-887
possible-147.jpg,test-116
possible-148.jpg,test-117
possible-149.jpg,train-889
possible-15.jpg,train-891
possible-150.jpg,validation-99
possible-151.jpg,train-893
possible-152.jpg,train-895
possible-153.jpg,train-897
possible-154.jpg,train-899
possible-155.jpg,train-901
possible-156.jpg,train-903
possible-157.jpg,train-905
possible-158.jpg,train-907
possible-159.jpg,validation-101
possible-16.jpg,test-118
possible-160.jpg,train-909
possible-161.jpg,train-911
possible-162.jpg,train-913
possible-163.jpg,validation-103
possible-164.jpg,train-915
possible-165.jpg,train-917
possible-166.jpg,test-119
possible-167.jpg,train-919
possible-168.jpg,train-921
possible-169.jpg,test-120
possible-17.jpg,train-923
possible-170.jpg,train-925
possible-171.jpg,test-121
possible-172.jpg,train-927
possible-173.jpg,train-929
possible-174.jpg,train-931
possible-175.jpg,train-933
possible-176.jpg,train-935
possible-177.jpg,validation-105
possible-178.jpg,train-937
possible-179.jpg,train-939
possible-18.jpg,train-941
possible-180.jpg,train-943
possible-181.jpg,train-945
possible-182.jpg,test-122
possible-183.jpg,train-947
possible-184.jpg,test-123
possible-185.jpg,train-949
possible-186.jpg,test-124
possible-187.jpg,train-951
possible-188.jpg,test-125
possible-189.jpg,train-953
possible-19.jpg,train-955
possible-190.jpg,validation-107
possible-191.jpg,train-957
possible-192.jpg,validation-109
possible-193.jpg,test-126
possible-194.jpg,train-959
possible-195.jpg,train-961
possible-196.jpg,train-963
possible-197.jpg,train-965
possible-198.jpg,train-967
possible-199.jpg,train-969
possible-2.jpg,train-971
possible-20.jpg,train-973
possible-200.jpg,train-975
possible-201.jpg,train-977
possible-202.jpg,test-127
possible-203.jpg,train-979
possible-204.jpg,train-981
possible-205.jpg,train-983
possible-206.jpg,test-128
possible-21.jpg,train-985
possible-22.jpg,train-987
possible-23.jpg,test-129
possible-24.jpg,train-989
possible-25.jpg,train-991
possible-26.jpg,train-993
possible-27.jpg,train-995
possible-28.jpg,test-130
possible-29.jpg,test-131
possible-3.jpg,train-997
possible-30.jpg,test-132
possible-31.jpg,train-999
possible-32.jpg,train-1001
possible-33.jpg,train-1003
possible-34.jpg,test-133
possible-35.jpg,train-1005
possible-36.jpg,test-134
possible-37.jpg,validation-111
possible-38.jpg,train-1007
possible-39.jpg,train-1009
possible-4.jpg,train-1011
possible-40.jpg,validation-113
possible-41.jpg,train-1013
possible-42.jpg,test-135
possible-43.jpg,train-1015
possible-44.jpg,train-1017
possible-45.jpg,train-1019
possible-46.jpg,train-1021
possible-47.jpg,train-1023
possible-48.jpg,train-1025
possible-49.jpg,train-1027
possible-5.jpg,train-1029
possible-50.jpg,train-1031
possible-51.jpg,train-1033
possible-52.jpg,train-1035
possible-53.jpg,train-1037
possible-54.jpg,validation-115
possible-55.jpg,train-1039
possible-56.jpg,train-1041
possible-57.jpg,train-1043
possible-58.jpg,train-1045
possible-59.jpg,train-1047
possible-6.jpg,train-1049
possible-60.jpg,train-1051
possible-61.jpg,validation-117
possible-62.jpg,train-1053
possible-63.jpg,train-1055
possible-64.jpg,train-1057
possible-65.jpg,train-1059
possible-66.jpg,train-1061
possible-67.jpg,train-1063
possible-68.jpg,train-1065
possible-69.jpg,train-1067
possible-7.jpg,train-1069
possible-70.jpg,train-1071
possible-71.jpg,train-1073
possible-72.jpg,train-1075
possible-73.jpg,train-1077
possible-74.jpg,train-1079
possible-75.jpg,train-1081
possible-76.jpg,train-1083
possible-77.jpg,train-1085
possible-78.jpg,train-1087
possible-79.jpg,test-136
possible-8.jpg,train-1089
possible-80.jpg,train-1091
possible-81.jpg,train-1093
possible-82.jpg,test-137
possible-83.jpg,train-1095
possible-84.jpg,train-1097
possible-85.jpg,validation-119
possible-86.jpg,test-138
possible-87.jpg,validation-121
possible-88.jpg,train-1099
possible-89.jpg,train-1101
possible-9.jpg,test-139
possible-90.jpg,train-1103
possible-91.jpg,train-1105
possible-92.jpg,train-1107
possible-93.jpg,train-1109
possible-94.jpg,train-1111
possible-95.jpg,train-1113
possible-96.jpg,train-1115
possible-97.jpg,train-1117
possible-98.jpg,validation-123
possible-99.jpg,train-1119
probable-0.jpg,train-1121
probable-1.jpg,train-1123
probable-10.jpg,validation-125
probable-100.jpg,validation-127
probable-101.jpg,train-1125
probable-102.jpg,test-140
probable-103.jpg,train-1127
probable-104.jpg,train-1129
probable-105.jpg,test-141
probable-106.jpg,train-1131
probable-107.jpg,train-1133
probable-108.jpg,train-1135
probable-109.jpg,train-1137
probable-11.jpg,train-1139
probable-110.jpg,train-1141
probable-111.jpg,validation-129
probable-112.jpg,train-1143
probable-113.jpg,train-1145
probable-114.jpg,train-1147
probable-115.jpg,train-1149
probable-116.jpg,train-1151
probable-117.jpg,test-142
probable-118.jpg,train-1153
probable-119.jpg,train-1155
probable-12.jpg,train-1157
probable-120.jpg,test-143
probable-121.jpg,train-1159
probable-122.jpg,train-1161
probable-123.jpg,train-1163
probable-124.jpg,train-1165
probable-125.jpg,train-1167
probable-126.jpg,train-1169
probable-127.jpg,test-144
probable-128.jpg,train-1171
probable-129.jpg,test-145
probable-13.jpg,train-1173
probable-130.jpg,test-146
probable-131.jpg,train-1175
probable-132.jpg,test-147
probable-133.jpg,train-1177
probable-134.jpg,train-1179
probable-135.jpg,train-1181
probable-136.jpg,validation-131
probable-137.jpg,train-1183
probable-138.jpg,train-1185
probable-139.jpg,train-1187
probable-14.jpg,test-148
probable-140.jpg,validation-133
probable-141.jpg,train-1189
probable-142.jpg,train-1191
probable-143.jpg,validation-135
probable-144.jpg,train-1193
probable-145.jpg,test-149
probable-146.jpg,test-150
probable-147.jpg,train-1195
probable-148.jpg,train-1197
probable-149.jpg,train-1199
probable-15.jpg,test-151
probable-150.jpg,train-1201
probable-151.jpg,train-1203
probable-152.jpg,validation-137
probable-153.jpg,train-1205
probable-154.jpg,train-1207
probable-155.jpg,validation-139
probable-156.jpg,train-1209
probable-157.jpg,train-1211
probable-158.jpg,train-1213
probable-159.jpg,train-1215
probable-16.jpg,train-1217
probable-160.jpg,train-1219
probable-161.jpg,test-152
probable-162.jpg,train-1221
probable-163.jpg,train-1223
probable-164.jpg,train-1225
probable-165.jpg,train-1227
probable-166.jpg,test-153
probable-167.jpg,train-1229
probable-168.jpg,train-1231
probable-169.jpg,train-1233
probable-17.jpg,train-1235
probable-170.jpg,train-1237
probable-18.jpg,train-1239
probable-19.jpg,test-154
probable-2.jpg,train-1241
probable-20.jpg,train-1243
probable-21.jpg,train-1245
probable-22.jpg,test-155
probable-23.jpg,test-156
probable-24.jpg,test-157
probable-25.jpg,train-1247
probable-26.jpg,test-158
probable-27.jpg,train-1249
probable-28.jpg,train-1251
probable-29.jpg,train-1253
probable-3.jpg,validation-141
probable-30.jpg,test-159
probable-31.jpg,test-160
probable-32.jpg,train-1255
probable-33.jpg,train-1257
probable-34.jpg,train-1259
probable-35.jpg,test-161
probable-36.jpg,train-1261
probable-37.jpg,train-1263
probable-38.jpg,validation-143
probable-39.jpg,train-1265
probable-4.jpg,test-162
probable-40.jpg,train-1267
probable-41.jpg,train-1269
probable-42.jpg,train-1271
probable-43.jpg,train-1273
probable-44.jpg,validation-145
probable-45.jpg,train-1275
probable-46.jpg,train-1277
probable-47.jpg,train-1279
probable-48.jpg,validation-147
probable-49.jpg,train-1281
probable-5.jpg,test-163
probable-50.jpg,train-1283
probable-51.jpg,train-1285
probable-52.jpg,train-1287
probable-53.jpg,train-1289
probable-54.jpg,train-1291
probable-55.jpg,validation-149
probable-56.jpg,train-1293
probable-57.jpg,test-164
probable-58.jpg,validation-151
probable-59.jpg,test-165
probable-6.jpg,train-1295
probable-60.jpg,train-1297
probable-61.jpg,train-1299
probable-62.jpg,train-1301
probable-63.jpg,test-166
probable-64.jpg,train-1303
probable-65.jpg,train-1305
probable-66.jpg,train-1307
probable-67.jpg,train-1309
probable-68.jpg,test-167
probable-69.jpg,train-1311
probable-7.jpg,train-1313
probable-70.jpg,train-1315
probable-71.jpg,test-168
probable-72.jpg,train-1317
probable-73.jpg,train-1319
probable-74.jpg,train-1321
probable-75.jpg,train-1323
probable-76.jpg,validation-153
probable-77.jpg,train-1325
probable-78.jpg,train-1327
probable-79.jpg,train-1329
probable-8.jpg,train-1331
probable-80.jpg,train-1333
probable-81.jpg,train-1335
probable-82.jpg,train-1337
probable-83.jpg,train-1339
probable-84.jpg,train-1341
probable-85.jpg,train-1343
probable-86.jpg,test-169
probable-87.jpg,validation-155
probable-88.jpg,train-1345
probable-89.jpg,train-1347
probable-9.jpg,train-1349
probable-90.jpg,train-1351
probable-91.jpg,train-1353
probable-92.jpg,test-170
probable-93.jpg,train-1355
probable-94.jpg,train-1357
probable-95.jpg,train-1359
probable-96.jpg,train-1361
probable-97.jpg,train-1363
probable-98.jpg,train-1365
probable-99.jpg,train-1367
