Image Name,Category
image-1.jpg,
image-2.jpg,
image-3.jpg,
image-4.jpg,
image-5.jpg,
image-6.jpg,
image-7.jpg,
image-8.jpg,
image-9.jpg,
image-10.jpg,
image-11.jpg,
image-12.jpg,
image-13.jpg,
image-14.jpg,
image-15.jpg,
image-16.jpg,
image-17.jpg,
image-18.jpg,
image-19.jpg,
image-20.jpg,
image-21.jpg,
image-22.jpg,
image-23.jpg,
image-24.jpg,
image-25.jpg,
image-26.jpg,
image-27.jpg,
image-28.jpg,
image-29.jpg,
image-30.jpg,
image-31.jpg,
image-32.jpg,
image-33.jpg,
image-34.jpg,
image-35.jpg,
image-36.jpg,
image-37.jpg,
image-38.jpg,
image-39.jpg,
image-40.jpg,
image-41.jpg,
image-42.jpg,
image-43.jpg,
image-44.jpg,
image-45.jpg,
image-46.jpg,
image-47.jpg,
image-48.jpg,
image-49.jpg,
image-50.jpg,
image-51.jpg,
image-52.jpg,
image-53.jpg,
image-54.jpg,
image-55.jpg,
image-56.jpg,
image-57.jpg,
image-58.jpg,
image-59.jpg,
image-60.jpg,
image-61.jpg,
image-62.jpg,
image-63.jpg,
image-64.jpg,
image-65.jpg,
image-66.jpg,
image-67.jpg,
image-68.jpg,
image-69.jpg,
image-70.jpg,
image-71.jpg,
image-72.jpg,
image-73.jpg,
image-74.jpg,
image-75.jpg,
image-76.jpg,
image-77.jpg,
image-78.jpg,
image-79.jpg,
image-80.jpg,
image-81.jpg,
image-82.jpg,
image-83.jpg,
image-84.jpg,
image-85.jpg,
image-86.jpg,
image-87.jpg,
image-88.jpg,
image-89.jpg,
image-90.jpg,
image-91.jpg,
image-92.jpg,
image-93.jpg,
image-94.jpg,
image-95.jpg,
image-96.jpg,
image-97.jpg,
image-98.jpg,
image-99.jpg,
image-100.jpg,
image-101.jpg,
image-102.jpg,
image-103.jpg,
image-104.jpg,
image-105.jpg,
image-106.jpg,
image-107.jpg,
image-108.jpg,
image-109.jpg,
image-110.jpg,
image-111.jpg,
image-112.jpg,
image-113.jpg,
image-114.jpg,
image-115.jpg,
image-116.jpg,
image-117.jpg,
image-118.jpg,
image-119.jpg,
image-120.jpg,
image-121.jpg,
image-122.jpg,
image-123.jpg,
image-124.jpg,
image-125.jpg,
image-126.jpg,
image-127.jpg,
image-128.jpg,
image-129.jpg,
image-130.jpg,
image-131.jpg,
image-132.jpg,
image-133.jpg,
image-134.jpg,
image-135.jpg,
image-136.jpg,
image-137.jpg,
image-138.jpg,
image-139.jpg,
image-140.jpg,
image-141.jpg,
image-142.jpg,
image-143.jpg,
image-144.jpg,
image-145.jpg,
image-146.jpg,
image-147.jpg,
image-148.jpg,
image-149.jpg,
image-150.jpg,
image-151.jpg,
image-152.jpg,
image-153.jpg,
image-154.jpg,
image-155.jpg,
image-156.jpg,
image-157.jpg,
image-158.jpg,
image-159.jpg,
image-160.jpg,
image-161.jpg,
image-162.jpg,
image-163.jpg,
image-164.jpg,
image-165.jpg,
image-166.jpg,
image-167.jpg,
image-168.jpg,
image-169.jpg,
image-170.jpg,
image-171.jpg,
image-172.jpg,
image-173.jpg,
image-174.jpg,
image-175.jpg,
image-176.jpg,
image-177.jpg,
image-178.jpg,
image-179.jpg,
image-180.jpg,
image-181.jpg,
image-182.jpg,
image-183.jpg,
image-184.jpg,
image-185.jpg,
image-186.jpg,
image-187.jpg,
image-188.jpg,
image-189.jpg,
image-190.jpg,
image-191.jpg,
image-192.jpg,
image-193.jpg,
image-194.jpg,
image-195.jpg,
image-196.jpg,
image-197.jpg,
image-198.jpg,
image-199.jpg,
image-200.jpg,
image-201.jpg,
image-202.jpg,
image-203.jpg,
image-204.jpg,
image-205.jpg,
image-206.jpg,
image-207.jpg,
image-208.jpg,
image-209.jpg,
image-210.jpg,
image-211.jpg,
image-212.jpg,
image-213.jpg,
image-214.jpg,
image-215.jpg,
image-216.jpg,
image-217.jpg,
image-218.jpg,
image-219.jpg,
image-220.jpg,
image-221.jpg,
image-222.jpg,
image-223.jpg,
image-224.jpg,
image-225.jpg,
image-226.jpg,
image-227.jpg,
image-228.jpg,
image-229.jpg,
image-230.jpg,
image-231.jpg,
image-232.jpg,
image-233.jpg,
image-234.jpg,
image-235.jpg,
image-236.jpg,
image-237.jpg,
image-238.jpg,
image-239.jpg,
image-240.jpg,
image-241.jpg,
image-242.jpg,
image-243.jpg,
image-244.jpg,
image-245.jpg,
image-246.jpg,
image-247.jpg,
image-248.jpg,
image-249.jpg,
image-250.jpg,
image-251.jpg,
image-252.jpg,
image-253.jpg,
image-254.jpg,
image-255.jpg,
image-256.jpg,
image-257.jpg,
image-258.jpg,
image-259.jpg,
image-260.jpg,
image-261.jpg,
image-262.jpg,
image-263.jpg,
image-264.jpg,
image-265.jpg,
image-266.jpg,
image-267.jpg,
image-268.jpg,
image-269.jpg,
image-270.jpg,
image-271.jpg,
image-272.jpg,
image-273.jpg,
image-274.jpg,
image-275.jpg,
image-276.jpg,
image-277.jpg,
image-278.jpg,
image-279.jpg,
image-280.jpg,
image-281.jpg,
image-282.jpg,
image-283.jpg,
image-284.jpg,
image-285.jpg,
image-286.jpg,
image-287.jpg,
image-288.jpg,
image-289.jpg,
image-290.jpg,
image-291.jpg,
image-292.jpg,
image-293.jpg,
image-294.jpg,
image-295.jpg,
image-296.jpg,
image-297.jpg,
image-298.jpg,
image-299.jpg,
image-300.jpg,
image-301.jpg,
image-302.jpg,
image-303.jpg,
image-304.jpg,
image-305.jpg,
image-306.jpg,
image-307.jpg,
image-308.jpg,
image-309.jpg,
image-310.jpg,
image-311.jpg,
image-312.jpg,
image-313.jpg,
image-314.jpg,
image-315.jpg,
image-316.jpg,
image-317.jpg,
image-318.jpg,
image-319.jpg,
image-320.jpg,
image-321.jpg,
image-322.jpg,
image-323.jpg,
image-324.jpg,
image-325.jpg,
image-326.jpg,
image-327.jpg,
image-328.jpg,
image-329.jpg,
image-330.jpg,
image-331.jpg,
image-332.jpg,
image-333.jpg,
image-334.jpg,
image-335.jpg,
image-336.jpg,
image-337.jpg,
image-338.jpg,
image-339.jpg,
image-340.jpg,
image-341.jpg,
image-342.jpg,
image-343.jpg,
image-344.jpg,
image-345.jpg,
image-346.jpg,
image-347.jpg,
image-348.jpg,
image-349.jpg,
image-350.jpg,
image-351.jpg,
image-352.jpg,
image-353.jpg,
image-354.jpg,
image-355.jpg,
image-356.jpg,
image-357.jpg,
image-358.jpg,
image-359.jpg,
image-360.jpg,
image-361.jpg,
image-362.jpg,
image-363.jpg,
image-364.jpg,
image-365.jpg,
image-366.jpg,
image-367.jpg,
image-368.jpg,
image-369.jpg,
image-370.jpg,
image-371.jpg,
image-372.jpg,
image-373.jpg,
image-374.jpg,
image-375.jpg,
image-376.jpg,
image-377.jpg,
image-378.jpg,
image-379.jpg,
image-380.jpg,
image-381.jpg,
image-382.jpg,
image-383.jpg,
image-384.jpg,
image-385.jpg,
image-386.jpg,
image-387.jpg,
image-388.jpg,
image-389.jpg,
image-390.jpg,
image-391.jpg,
image-392.jpg,
image-393.jpg,
image-394.jpg,
image-395.jpg,
image-396.jpg,
image-397.jpg,
image-398.jpg,
image-399.jpg,
image-400.jpg,
image-401.jpg,
image-402.jpg,
image-403.jpg,
image-404.jpg,
image-405.jpg,
image-406.jpg,
image-407.jpg,
image-408.jpg,
image-409.jpg,
image-410.jpg,
image-411.jpg,
image-412.jpg,
image-413.jpg,
image-414.jpg,
image-415.jpg,
image-416.jpg,
image-417.jpg,
image-418.jpg,
image-419.jpg,
image-420.jpg,
image-421.jpg,
image-422.jpg,
image-423.jpg,
image-424.jpg,
image-425.jpg,
image-426.jpg,
image-427.jpg,
image-428.jpg,
image-429.jpg,
image-430.jpg,
image-431.jpg,
image-432.jpg,
image-433.jpg,
image-434.jpg,
image-435.jpg,
image-436.jpg,
image-437.jpg,
image-438.jpg,
image-439.jpg,
image-440.jpg,
image-441.jpg,
image-442.jpg,
image-443.jpg,
image-444.jpg,
image-445.jpg,
image-446.jpg,
image-447.jpg,
image-448.jpg,
image-449.jpg,
image-450.jpg,
image-451.jpg,
image-452.jpg,
image-453.jpg,
image-454.jpg,
image-455.jpg,
image-456.jpg,
image-457.jpg,
image-458.jpg,
