Unlabeled Image,Original Classification
image-1.jpg,improbable-1.jpg
image-2.jpg,improbable-10.jpg
image-3.jpg,improbable-100.jpg
image-4.jpg,improbable-101.jpg
image-5.jpg,improbable-102.jpg
image-6.jpg,improbable-103.jpg
image-7.jpg,improbable-104.jpg
image-8.jpg,improbable-105.jpg
image-9.jpg,improbable-106.jpg
image-10.jpg,improbable-107.jpg
image-11.jpg,improbable-108.jpg
image-12.jpg,improbable-109.jpg
image-13.jpg,improbable-11.jpg
image-14.jpg,improbable-110.jpg
image-15.jpg,improbable-111.jpg
image-16.jpg,improbable-112.jpg
image-17.jpg,improbable-113.jpg
image-18.jpg,improbable-114.jpg
image-19.jpg,improbable-115.jpg
image-20.jpg,improbable-116.jpg
image-21.jpg,improbable-117.jpg
image-22.jpg,improbable-118.jpg
image-23.jpg,improbable-119.jpg
image-24.jpg,improbable-12.jpg
image-25.jpg,improbable-120.jpg
image-26.jpg,improbable-121.jpg
image-27.jpg,improbable-122.jpg
image-28.jpg,improbable-123.jpg
image-29.jpg,improbable-124.jpg
image-30.jpg,improbable-125.jpg
image-31.jpg,improbable-126.jpg
image-32.jpg,improbable-127.jpg
image-33.jpg,improbable-128.jpg
image-34.jpg,improbable-129.jpg
image-35.jpg,improbable-13.jpg
image-36.jpg,improbable-130.jpg
image-37.jpg,improbable-131.jpg
image-38.jpg,improbable-132.jpg
image-39.jpg,improbable-133.jpg
image-40.jpg,improbable-134.jpg
image-41.jpg,improbable-135.jpg
image-42.jpg,improbable-136.jpg
image-43.jpg,improbable-137.jpg
image-44.jpg,improbable-138.jpg
image-45.jpg,improbable-139.jpg
image-46.jpg,improbable-14.jpg
image-47.jpg,improbable-140.jpg
image-48.jpg,improbable-141.jpg
image-49.jpg,improbable-142.jpg
image-50.jpg,improbable-143.jpg
image-51.jpg,improbable-144.jpg
image-52.jpg,improbable-145.jpg
image-53.jpg,improbable-146.jpg
image-54.jpg,improbable-147.jpg
image-55.jpg,improbable-148.jpg
image-56.jpg,improbable-149.jpg
image-57.jpg,improbable-15.jpg
image-58.jpg,improbable-150.jpg
image-59.jpg,improbable-151.jpg
image-60.jpg,improbable-152.jpg
image-61.jpg,improbable-153.jpg
image-62.jpg,improbable-154.jpg
image-63.jpg,improbable-155.jpg
image-64.jpg,improbable-156.jpg
image-65.jpg,improbable-157.jpg
image-66.jpg,improbable-158.jpg
image-67.jpg,improbable-159.jpg
image-68.jpg,improbable-16.jpg
image-69.jpg,improbable-160.jpg
image-70.jpg,improbable-161.jpg
image-71.jpg,improbable-162.jpg
image-72.jpg,improbable-163.jpg
image-73.jpg,improbable-164.jpg
image-74.jpg,improbable-165.jpg
image-75.jpg,improbable-166.jpg
image-76.jpg,improbable-167.jpg
image-77.jpg,improbable-168.jpg
image-78.jpg,improbable-169.jpg
image-79.jpg,improbable-17.jpg
image-80.jpg,improbable-170.jpg
image-81.jpg,improbable-171.jpg
image-82.jpg,improbable-172.jpg
image-83.jpg,improbable-173.jpg
image-84.jpg,improbable-174.jpg
image-85.jpg,improbable-175.jpg
image-86.jpg,improbable-176.jpg
image-87.jpg,improbable-177.jpg
image-88.jpg,improbable-178.jpg
image-89.jpg,improbable-179.jpg
image-90.jpg,improbable-18.jpg
image-91.jpg,improbable-180.jpg
image-92.jpg,improbable-181.jpg
image-93.jpg,improbable-182.jpg
image-94.jpg,improbable-183.jpg
image-95.jpg,improbable-184.jpg
image-96.jpg,improbable-185.jpg
image-97.jpg,improbable-186.jpg
image-98.jpg,improbable-187.jpg
image-99.jpg,improbable-188.jpg
image-100.jpg,improbable-189.jpg
image-101.jpg,improbable-19.jpg
image-102.jpg,improbable-190.jpg
image-103.jpg,improbable-191.jpg
image-104.jpg,improbable-192.jpg
image-105.jpg,improbable-193.jpg
image-106.jpg,improbable-194.jpg
image-107.jpg,improbable-195.jpg
image-108.jpg,improbable-196.jpg
image-109.jpg,improbable-197.jpg
image-110.jpg,improbable-198.jpg
image-111.jpg,improbable-199.jpg
image-112.jpg,improbable-2.jpg
image-113.jpg,improbable-20.jpg
image-114.jpg,improbable-200.jpg
image-115.jpg,improbable-201.jpg
image-116.jpg,improbable-202.jpg
image-117.jpg,improbable-203.jpg
image-118.jpg,improbable-204.jpg
image-119.jpg,improbable-205.jpg
image-120.jpg,improbable-206.jpg
image-121.jpg,improbable-207.jpg
image-122.jpg,improbable-208.jpg
image-123.jpg,improbable-209.jpg
image-124.jpg,improbable-21.jpg
image-125.jpg,improbable-210.jpg
image-126.jpg,improbable-211.jpg
image-127.jpg,improbable-212.jpg
image-128.jpg,improbable-213.jpg
image-129.jpg,improbable-214.jpg
image-130.jpg,improbable-215.jpg
image-131.jpg,improbable-216.jpg
image-132.jpg,improbable-217.jpg
image-133.jpg,improbable-218.jpg
image-134.jpg,improbable-219.jpg
image-135.jpg,improbable-22.jpg
image-136.jpg,improbable-220.jpg
image-137.jpg,improbable-221.jpg
image-138.jpg,improbable-222.jpg
image-139.jpg,improbable-223.jpg
image-140.jpg,improbable-224.jpg
image-141.jpg,improbable-225.jpg
image-142.jpg,improbable-226.jpg
image-143.jpg,improbable-227.jpg
image-144.jpg,improbable-228.jpg
image-145.jpg,improbable-229.jpg
image-146.jpg,improbable-23.jpg
image-147.jpg,improbable-230.jpg
image-148.jpg,improbable-231.jpg
image-149.jpg,improbable-232.jpg
image-150.jpg,improbable-233.jpg
image-151.jpg,improbable-234.jpg
image-152.jpg,improbable-235.jpg
image-153.jpg,improbable-236.jpg
image-154.jpg,improbable-237.jpg
image-155.jpg,improbable-238.jpg
image-156.jpg,improbable-239.jpg
image-157.jpg,improbable-24.jpg
image-158.jpg,improbable-240.jpg
image-159.jpg,improbable-241.jpg
image-160.jpg,improbable-242.jpg
image-161.jpg,improbable-243.jpg
image-162.jpg,improbable-244.jpg
image-163.jpg,improbable-245.jpg
image-164.jpg,improbable-246.jpg
image-165.jpg,improbable-247.jpg
image-166.jpg,improbable-248.jpg
image-167.jpg,improbable-249.jpg
image-168.jpg,improbable-25.jpg
image-169.jpg,improbable-250.jpg
image-170.jpg,improbable-251.jpg
image-171.jpg,improbable-252.jpg
image-172.jpg,improbable-253.jpg
image-173.jpg,improbable-254.jpg
image-174.jpg,improbable-255.jpg
image-175.jpg,improbable-256.jpg
image-176.jpg,improbable-257.jpg
image-177.jpg,improbable-258.jpg
image-178.jpg,improbable-259.jpg
image-179.jpg,improbable-26.jpg
image-180.jpg,improbable-260.jpg
image-181.jpg,improbable-261.jpg
image-182.jpg,improbable-262.jpg
image-183.jpg,improbable-263.jpg
image-184.jpg,improbable-264.jpg
image-185.jpg,improbable-265.jpg
image-186.jpg,improbable-266.jpg
image-187.jpg,improbable-267.jpg
image-188.jpg,improbable-268.jpg
image-189.jpg,improbable-269.jpg
image-190.jpg,improbable-27.jpg
image-191.jpg,improbable-270.jpg
image-192.jpg,improbable-271.jpg
image-193.jpg,improbable-272.jpg
image-194.jpg,improbable-273.jpg
image-195.jpg,improbable-274.jpg
image-196.jpg,improbable-275.jpg
image-197.jpg,improbable-276.jpg
image-198.jpg,improbable-277.jpg
image-199.jpg,improbable-278.jpg
image-200.jpg,improbable-279.jpg
image-201.jpg,improbable-28.jpg
image-202.jpg,improbable-280.jpg
image-203.jpg,improbable-281.jpg
image-204.jpg,improbable-282.jpg
image-205.jpg,improbable-283.jpg
image-206.jpg,improbable-284.jpg
image-207.jpg,improbable-285.jpg
image-208.jpg,improbable-286.jpg
image-209.jpg,improbable-287.jpg
image-210.jpg,improbable-288.jpg
image-211.jpg,improbable-289.jpg
image-212.jpg,improbable-29.jpg
image-213.jpg,improbable-290.jpg
image-214.jpg,improbable-291.jpg
image-215.jpg,improbable-292.jpg
image-216.jpg,improbable-293.jpg
image-217.jpg,improbable-294.jpg
image-218.jpg,improbable-295.jpg
image-219.jpg,improbable-296.jpg
image-220.jpg,improbable-297.jpg
image-221.jpg,improbable-298.jpg
image-222.jpg,improbable-299.jpg
image-223.jpg,improbable-3.jpg
image-224.jpg,improbable-30.jpg
image-225.jpg,improbable-300.jpg
image-226.jpg,improbable-301.jpg
image-227.jpg,improbable-302.jpg
image-228.jpg,improbable-303.jpg
image-229.jpg,improbable-304.jpg
image-230.jpg,improbable-305.jpg
image-231.jpg,improbable-306.jpg
image-232.jpg,improbable-307.jpg
image-233.jpg,improbable-308.jpg
image-234.jpg,improbable-309.jpg
image-235.jpg,improbable-31.jpg
image-236.jpg,improbable-310.jpg
image-237.jpg,improbable-311.jpg
image-238.jpg,improbable-312.jpg
image-239.jpg,improbable-313.jpg
image-240.jpg,improbable-314.jpg
image-241.jpg,improbable-315.jpg
image-242.jpg,improbable-316.jpg
image-243.jpg,improbable-317.jpg
image-244.jpg,improbable-318.jpg
image-245.jpg,improbable-319.jpg
image-246.jpg,improbable-32.jpg
image-247.jpg,improbable-320.jpg
image-248.jpg,improbable-321.jpg
image-249.jpg,improbable-322.jpg
image-250.jpg,improbable-33.jpg
image-251.jpg,improbable-34.jpg
image-252.jpg,improbable-35.jpg
image-253.jpg,improbable-36.jpg
image-254.jpg,improbable-37.jpg
image-255.jpg,improbable-38.jpg
image-256.jpg,improbable-39.jpg
image-257.jpg,improbable-4.jpg
image-258.jpg,improbable-40.jpg
image-259.jpg,improbable-41.jpg
image-260.jpg,improbable-42.jpg
image-261.jpg,improbable-43.jpg
image-262.jpg,improbable-44.jpg
image-263.jpg,improbable-45.jpg
image-264.jpg,improbable-46.jpg
image-265.jpg,improbable-47.jpg
image-266.jpg,improbable-48.jpg
image-267.jpg,improbable-49.jpg
image-268.jpg,improbable-5.jpg
image-269.jpg,improbable-50.jpg
image-270.jpg,improbable-51.jpg
image-271.jpg,improbable-52.jpg
image-272.jpg,improbable-53.jpg
image-273.jpg,improbable-54.jpg
image-274.jpg,improbable-55.jpg
image-275.jpg,improbable-56.jpg
image-276.jpg,improbable-57.jpg
image-277.jpg,improbable-58.jpg
image-278.jpg,improbable-59.jpg
image-279.jpg,improbable-6.jpg
image-280.jpg,improbable-60.jpg
image-281.jpg,improbable-61.jpg
image-282.jpg,improbable-62.jpg
image-283.jpg,improbable-63.jpg
image-284.jpg,improbable-64.jpg
image-285.jpg,improbable-65.jpg
image-286.jpg,improbable-66.jpg
image-287.jpg,improbable-67.jpg
image-288.jpg,improbable-68.jpg
image-289.jpg,improbable-69.jpg
image-290.jpg,improbable-7.jpg
image-291.jpg,improbable-70.jpg
image-292.jpg,improbable-71.jpg
image-293.jpg,improbable-72.jpg
image-294.jpg,improbable-73.jpg
image-295.jpg,improbable-74.jpg
image-296.jpg,improbable-75.jpg
image-297.jpg,improbable-76.jpg
image-298.jpg,improbable-77.jpg
image-299.jpg,improbable-78.jpg
image-300.jpg,improbable-79.jpg
image-301.jpg,improbable-8.jpg
image-302.jpg,improbable-80.jpg
image-303.jpg,improbable-81.jpg
image-304.jpg,improbable-82.jpg
image-305.jpg,improbable-83.jpg
image-306.jpg,improbable-84.jpg
image-307.jpg,improbable-85.jpg
image-308.jpg,improbable-86.jpg
image-309.jpg,improbable-87.jpg
image-310.jpg,improbable-88.jpg
image-311.jpg,improbable-89.jpg
image-312.jpg,improbable-9.jpg
image-313.jpg,improbable-90.jpg
image-314.jpg,improbable-91.jpg
image-315.jpg,improbable-92.jpg
image-316.jpg,improbable-93.jpg
image-317.jpg,improbable-94.jpg
image-318.jpg,improbable-95.jpg
image-319.jpg,improbable-96.jpg
image-320.jpg,improbable-97.jpg
image-321.jpg,improbable-98.jpg
image-322.jpg,improbable-99.jpg
image-323.jpg,possible-1.jpg
image-324.jpg,possible-10.jpg
image-325.jpg,possible-11.jpg
image-326.jpg,possible-12.jpg
image-327.jpg,possible-13.jpg
image-328.jpg,possible-14.jpg
image-329.jpg,possible-15.jpg
image-330.jpg,possible-16.jpg
image-331.jpg,possible-17.jpg
image-332.jpg,possible-18.jpg
image-333.jpg,possible-19.jpg
image-334.jpg,possible-2.jpg
image-335.jpg,possible-20.jpg
image-336.jpg,possible-21.jpg
image-337.jpg,possible-22.jpg
image-338.jpg,possible-23.jpg
image-339.jpg,possible-24.jpg
image-340.jpg,possible-25.jpg
image-341.jpg,possible-26.jpg
image-342.jpg,possible-27.jpg
image-343.jpg,possible-28.jpg
image-344.jpg,possible-29.jpg
image-345.jpg,possible-3.jpg
image-346.jpg,possible-30.jpg
image-347.jpg,possible-31.jpg
image-348.jpg,possible-32.jpg
image-349.jpg,possible-33.jpg
image-350.jpg,possible-34.jpg
image-351.jpg,possible-35.jpg
image-352.jpg,possible-36.jpg
image-353.jpg,possible-37.jpg
image-354.jpg,possible-38.jpg
image-355.jpg,possible-39.jpg
image-356.jpg,possible-4.jpg
image-357.jpg,possible-40.jpg
image-358.jpg,possible-41.jpg
image-359.jpg,possible-42.jpg
image-360.jpg,possible-43.jpg
image-361.jpg,possible-44.jpg
image-362.jpg,possible-45.jpg
image-363.jpg,possible-46.jpg
image-364.jpg,possible-47.jpg
image-365.jpg,possible-48.jpg
image-366.jpg,possible-49.jpg
image-367.jpg,possible-5.jpg
image-368.jpg,possible-50.jpg
image-369.jpg,possible-51.jpg
image-370.jpg,possible-52.jpg
image-371.jpg,possible-53.jpg
image-372.jpg,possible-54.jpg
image-373.jpg,possible-55.jpg
image-374.jpg,possible-56.jpg
image-375.jpg,possible-57.jpg
image-376.jpg,possible-58.jpg
image-377.jpg,possible-59.jpg
image-378.jpg,possible-6.jpg
image-379.jpg,possible-60.jpg
image-380.jpg,possible-61.jpg
image-381.jpg,possible-62.jpg
image-382.jpg,possible-63.jpg
image-383.jpg,possible-64.jpg
image-384.jpg,possible-65.jpg
image-385.jpg,possible-66.jpg
image-386.jpg,possible-67.jpg
image-387.jpg,possible-68.jpg
image-388.jpg,possible-69.jpg
image-389.jpg,possible-7.jpg
image-390.jpg,possible-70.jpg
image-391.jpg,possible-71.jpg
image-392.jpg,possible-72.jpg
image-393.jpg,possible-73.jpg
image-394.jpg,possible-74.jpg
image-395.jpg,possible-75.jpg
image-396.jpg,possible-76.jpg
image-397.jpg,possible-77.jpg
image-398.jpg,possible-78.jpg
image-399.jpg,possible-79.jpg
image-400.jpg,possible-8.jpg
image-401.jpg,possible-80.jpg
image-402.jpg,possible-9.jpg
image-403.jpg,probable-1.jpg
image-404.jpg,probable-10.jpg
image-405.jpg,probable-11.jpg
image-406.jpg,probable-12.jpg
image-407.jpg,probable-13.jpg
image-408.jpg,probable-14.jpg
image-409.jpg,probable-15.jpg
image-410.jpg,probable-16.jpg
image-411.jpg,probable-17.jpg
image-412.jpg,probable-18.jpg
image-413.jpg,probable-19.jpg
image-414.jpg,probable-2.jpg
image-415.jpg,probable-20.jpg
image-416.jpg,probable-21.jpg
image-417.jpg,probable-22.jpg
image-418.jpg,probable-23.jpg
image-419.jpg,probable-24.jpg
image-420.jpg,probable-25.jpg
image-421.jpg,probable-26.jpg
image-422.jpg,probable-27.jpg
image-423.jpg,probable-28.jpg
image-424.jpg,probable-29.jpg
image-425.jpg,probable-3.jpg
image-426.jpg,probable-30.jpg
image-427.jpg,probable-31.jpg
image-428.jpg,probable-32.jpg
image-429.jpg,probable-33.jpg
image-430.jpg,probable-34.jpg
image-431.jpg,probable-35.jpg
image-432.jpg,probable-36.jpg
image-433.jpg,probable-37.jpg
image-434.jpg,probable-38.jpg
image-435.jpg,probable-39.jpg
image-436.jpg,probable-4.jpg
image-437.jpg,probable-40.jpg
image-438.jpg,probable-41.jpg
image-439.jpg,probable-42.jpg
image-440.jpg,probable-43.jpg
image-441.jpg,probable-44.jpg
image-442.jpg,probable-45.jpg
image-443.jpg,probable-46.jpg
image-444.jpg,probable-47.jpg
image-445.jpg,probable-48.jpg
image-446.jpg,probable-49.jpg
image-447.jpg,probable-5.jpg
image-448.jpg,probable-50.jpg
image-449.jpg,probable-51.jpg
image-450.jpg,probable-52.jpg
image-451.jpg,probable-53.jpg
image-452.jpg,probable-54.jpg
image-453.jpg,probable-55.jpg
image-454.jpg,probable-56.jpg
image-455.jpg,probable-6.jpg
image-456.jpg,probable-7.jpg
image-457.jpg,probable-8.jpg
image-458.jpg,probable-9.jpg
