Labeled Image,Original File Path
improbable-1.jpg,../../data/raw/Pictures for AI\Site 1\Improbable 2.JPG
improbable-2.jpg,../../data/raw/Pictures for AI\Site 1\Improbable 3.JPG
improbable-3.jpg,../../data/raw/Pictures for AI\Site 1\Improbable 4.JPG
improbable-4.jpg,../../data/raw/Pictures for AI\Site 1\Improbable 5.JPG
improbable-5.jpg,../../data/raw/Pictures for AI\Site 1\Improbable 6.JPG
improbable-6.jpg,../../data/raw/Pictures for AI\Site 1\Improbable.JPG
improbable-7.jpg,../../data/raw/Pictures for AI\Site 10\Improbable (2).JPG
improbable-8.jpg,../../data/raw/Pictures for AI\Site 10\Improbable (3).JPG
improbable-9.jpg,../../data/raw/Pictures for AI\Site 10\Improbable (4).JPG
improbable-10.jpg,../../data/raw/Pictures for AI\Site 10\Improbable.JPG
improbable-11.jpg,../../data/raw/Pictures for AI\Site 104\Improbable (2).JPG
improbable-12.jpg,../../data/raw/Pictures for AI\Site 104\Improbable.JPG
improbable-13.jpg,../../data/raw/Pictures for AI\Site 108\Tree ID 14 - Improbable.jpg
improbable-14.jpg,../../data/raw/Pictures for AI\Site 11\Improbable (2).JPG
improbable-15.jpg,../../data/raw/Pictures for AI\Site 11\Improbable (3).JPG
improbable-16.jpg,../../data/raw/Pictures for AI\Site 11\Improbable (4).JPG
improbable-17.jpg,../../data/raw/Pictures for AI\Site 11\Improbable.JPG
improbable-18.jpg,../../data/raw/Pictures for AI\Site 112\Improbable.JPG
improbable-19.jpg,../../data/raw/Pictures for AI\Site 113\1 - Improbable.JPG
improbable-20.jpg,../../data/raw/Pictures for AI\Site 113\10 - Improbable.JPG
improbable-21.jpg,../../data/raw/Pictures for AI\Site 113\11 - Improbable.JPG
improbable-22.jpg,../../data/raw/Pictures for AI\Site 113\12 - Improbable.JPG
improbable-23.jpg,../../data/raw/Pictures for AI\Site 113\13 - Improbable.JPG
improbable-24.jpg,../../data/raw/Pictures for AI\Site 113\14 - Improbable.JPG
improbable-25.jpg,../../data/raw/Pictures for AI\Site 113\15 - Improbable.JPG
improbable-26.jpg,../../data/raw/Pictures for AI\Site 113\2 - Improbable.JPG
improbable-27.jpg,../../data/raw/Pictures for AI\Site 113\3 - Improbable.JPG
improbable-28.jpg,../../data/raw/Pictures for AI\Site 113\4 - Improbable.JPG
improbable-29.jpg,../../data/raw/Pictures for AI\Site 113\5 - Improbable.JPG
improbable-30.jpg,../../data/raw/Pictures for AI\Site 113\6 - Improbable.JPG
improbable-31.jpg,../../data/raw/Pictures for AI\Site 113\7 - Improbable.JPG
improbable-32.jpg,../../data/raw/Pictures for AI\Site 113\8 - Improbable.JPG
improbable-33.jpg,../../data/raw/Pictures for AI\Site 113\9 - Improbable.JPG
improbable-34.jpg,../../data/raw/Pictures for AI\Site 118\Improbable (2).JPG
improbable-35.jpg,../../data/raw/Pictures for AI\Site 118\Improbable (3).JPG
improbable-36.jpg,../../data/raw/Pictures for AI\Site 118\Improbable.JPG
improbable-37.jpg,../../data/raw/Pictures for AI\Site 122\Tree ID 1 - Improbable.jpg
improbable-38.jpg,../../data/raw/Pictures for AI\Site 122\Tree ID 2 - Improbable.jpg
improbable-39.jpg,../../data/raw/Pictures for AI\Site 124\Tree ID 1 - Improbable.jpg
improbable-40.jpg,../../data/raw/Pictures for AI\Site 128\Improbable (magnolia, short tree).JPG
improbable-41.jpg,../../data/raw/Pictures for AI\Site 128\Improbable.JPG
improbable-42.jpg,../../data/raw/Pictures for AI\Site 13\Improbable.JPG
improbable-43.jpg,../../data/raw/Pictures for AI\Site 131\Tree ID 1 - Improbable.jpg
improbable-44.jpg,../../data/raw/Pictures for AI\Site 131\Tree ID 2 - Improbable.jpg
improbable-45.jpg,../../data/raw/Pictures for AI\Site 131\Tree ID 3 - Improbable.jpg
improbable-46.jpg,../../data/raw/Pictures for AI\Site 131\Tree ID 4 - Improbable.jpg
improbable-47.jpg,../../data/raw/Pictures for AI\Site 131\Tree ID 5 - Improbable.jpg
improbable-48.jpg,../../data/raw/Pictures for AI\Site 132\Tree ID 1 - Improbable.jpg
improbable-49.jpg,../../data/raw/Pictures for AI\Site 132\Tree ID 2 - Improbable.jpg
improbable-50.jpg,../../data/raw/Pictures for AI\Site 132\Tree ID 3-8 - Improbable.jpg
improbable-51.jpg,../../data/raw/Pictures for AI\Site 138\Improbable.JPG
improbable-52.jpg,../../data/raw/Pictures for AI\Site 148\Improbable (2).JPG
improbable-53.jpg,../../data/raw/Pictures for AI\Site 148\Improbable (3).JPG
improbable-54.jpg,../../data/raw/Pictures for AI\Site 148\Improbable.JPG
improbable-55.jpg,../../data/raw/Pictures for AI\Site 149\Improbable (2).JPG
improbable-56.jpg,../../data/raw/Pictures for AI\Site 149\Improbable (3).JPG
improbable-57.jpg,../../data/raw/Pictures for AI\Site 149\Improbable (4).JPG
improbable-58.jpg,../../data/raw/Pictures for AI\Site 149\Improbable (5).JPG
improbable-59.jpg,../../data/raw/Pictures for AI\Site 149\Improbable.JPG
improbable-60.jpg,../../data/raw/Pictures for AI\Site 15\Improbable (2).JPG
improbable-61.jpg,../../data/raw/Pictures for AI\Site 15\Improbable (3).JPG
improbable-62.jpg,../../data/raw/Pictures for AI\Site 15\Improbable (4).JPG
improbable-63.jpg,../../data/raw/Pictures for AI\Site 15\Improbable (5).JPG
improbable-64.jpg,../../data/raw/Pictures for AI\Site 15\Improbable.JPG
improbable-65.jpg,../../data/raw/Pictures for AI\Site 150\Improbable (2).JPG
improbable-66.jpg,../../data/raw/Pictures for AI\Site 150\Improbable.JPG
improbable-67.jpg,../../data/raw/Pictures for AI\Site 151\Tree ID 2 - Improbable.jpg
improbable-68.jpg,../../data/raw/Pictures for AI\Site 151\Tree ID 3 - Improbable.jpg
improbable-69.jpg,../../data/raw/Pictures for AI\Site 151\Tree ID 6 - Improbable.jpg
improbable-70.jpg,../../data/raw/Pictures for AI\Site 152\Improbable (atlas cedar).JPG
improbable-71.jpg,../../data/raw/Pictures for AI\Site 152\Improbable (maple).JPG
improbable-72.jpg,../../data/raw/Pictures for AI\Site 152\Improbable (weeping cherry).JPG
improbable-73.jpg,../../data/raw/Pictures for AI\Site 152\Improbable.JPG
improbable-74.jpg,../../data/raw/Pictures for AI\Site 153\Tree ID 1 - Improbable.jpg
improbable-75.jpg,../../data/raw/Pictures for AI\Site 153\Tree ID 2 - Improbable.jpg
improbable-76.jpg,../../data/raw/Pictures for AI\Site 154\Improbable (2).JPG
improbable-77.jpg,../../data/raw/Pictures for AI\Site 154\Improbable.JPG
improbable-78.jpg,../../data/raw/Pictures for AI\Site 155\Improbable (red oak).JPG
improbable-79.jpg,../../data/raw/Pictures for AI\Site 155\Improbable (umbrella pine).JPG
improbable-80.jpg,../../data/raw/Pictures for AI\Site 155\Improbable.JPG
improbable-81.jpg,../../data/raw/Pictures for AI\Site 158\Improbable (2).JPG
improbable-82.jpg,../../data/raw/Pictures for AI\Site 158\Improbable.JPG
improbable-83.jpg,../../data/raw/Pictures for AI\Site 159\Tree ID 1 - Improbable.jpg
improbable-84.jpg,../../data/raw/Pictures for AI\Site 159\Tree ID 3 - Improbable.jpg
improbable-85.jpg,../../data/raw/Pictures for AI\Site 16\Improbable.JPG
improbable-86.jpg,../../data/raw/Pictures for AI\Site 160\Tree ID 1 - Improbable.jpg
improbable-87.jpg,../../data/raw/Pictures for AI\Site 160\Tree ID 2 - Improbable.jpg
improbable-88.jpg,../../data/raw/Pictures for AI\Site 160\Tree ID 3 - Improbable.jpg
improbable-89.jpg,../../data/raw/Pictures for AI\Site 160\Tree ID 4 - Improbable.jpg
improbable-90.jpg,../../data/raw/Pictures for AI\Site 161\Improbable (2).JPG
improbable-91.jpg,../../data/raw/Pictures for AI\Site 161\Improbable (3).JPG
improbable-92.jpg,../../data/raw/Pictures for AI\Site 161\Improbable.JPG
improbable-93.jpg,../../data/raw/Pictures for AI\Site 162\Improbable (2).JPG
improbable-94.jpg,../../data/raw/Pictures for AI\Site 162\Improbable.JPG
improbable-95.jpg,../../data/raw/Pictures for AI\Site 163\Improbable (2).JPG
improbable-96.jpg,../../data/raw/Pictures for AI\Site 163\Improbable (3).JPG
improbable-97.jpg,../../data/raw/Pictures for AI\Site 163\Improbable.JPG
improbable-98.jpg,../../data/raw/Pictures for AI\Site 167\Improbable (2).JPG
improbable-99.jpg,../../data/raw/Pictures for AI\Site 167\Improbable (3).JPG
improbable-100.jpg,../../data/raw/Pictures for AI\Site 167\Improbable (4).JPG
improbable-101.jpg,../../data/raw/Pictures for AI\Site 167\Improbable (5).JPG
improbable-102.jpg,../../data/raw/Pictures for AI\Site 167\Improbable (6).JPG
improbable-103.jpg,../../data/raw/Pictures for AI\Site 167\Improbable.JPG
improbable-104.jpg,../../data/raw/Pictures for AI\Site 168\1 - improbable.JPG
improbable-105.jpg,../../data/raw/Pictures for AI\Site 168\3 - improbable.JPG
improbable-106.jpg,../../data/raw/Pictures for AI\Site 17\Improbable (birch).JPG
improbable-107.jpg,../../data/raw/Pictures for AI\Site 171\Tree ID 1 - Improbable.jpg
improbable-108.jpg,../../data/raw/Pictures for AI\Site 171\Tree ID 2 - Improbable.jpg
improbable-109.jpg,../../data/raw/Pictures for AI\Site 171\Tree ID 3 - Improbable.jpg
improbable-110.jpg,../../data/raw/Pictures for AI\Site 171\Tree ID 4 - Improbable.jpg
improbable-111.jpg,../../data/raw/Pictures for AI\Site 171\Tree ID 6 - Improbable.jpg
improbable-112.jpg,../../data/raw/Pictures for AI\Site 171\Tree ID 7 - Improbable.jpg
improbable-113.jpg,../../data/raw/Pictures for AI\Site 171\Tree ID 8 - Improbable.jpg
improbable-114.jpg,../../data/raw/Pictures for AI\Site 173\Tree ID 1 - Improbable.jpg
improbable-115.jpg,../../data/raw/Pictures for AI\Site 173\Tree ID 2 - Improbable.jpg
improbable-116.jpg,../../data/raw/Pictures for AI\Site 175\Tree ID 7 - Improbable.jpg
improbable-117.jpg,../../data/raw/Pictures for AI\Site 176\Improbable (beech).jpg
improbable-118.jpg,../../data/raw/Pictures for AI\Site 176\Improbable (hemlock 2).jpg
improbable-119.jpg,../../data/raw/Pictures for AI\Site 176\Improbable (hemlock).jpg
improbable-120.jpg,../../data/raw/Pictures for AI\Site 176\Improbable.jpg
improbable-121.jpg,../../data/raw/Pictures for AI\Site 178\Improbable (2).JPG
improbable-122.jpg,../../data/raw/Pictures for AI\Site 178\Improbable (3).JPG
improbable-123.jpg,../../data/raw/Pictures for AI\Site 178\Improbable.JPG
improbable-124.jpg,../../data/raw/Pictures for AI\Site 179\10 - Improbable.JPG
improbable-125.jpg,../../data/raw/Pictures for AI\Site 179\3 - Improbable.JPG
improbable-126.jpg,../../data/raw/Pictures for AI\Site 179\4 - Improbable.JPG
improbable-127.jpg,../../data/raw/Pictures for AI\Site 179\5 - Improbable.JPG
improbable-128.jpg,../../data/raw/Pictures for AI\Site 179\6 - Improbable.JPG
improbable-129.jpg,../../data/raw/Pictures for AI\Site 179\7 - Improbable.JPG
improbable-130.jpg,../../data/raw/Pictures for AI\Site 179\9 - Improbable (crabapple).JPG
improbable-131.jpg,../../data/raw/Pictures for AI\Site 182\Improbable (2).JPG
improbable-132.jpg,../../data/raw/Pictures for AI\Site 182\Improbable (3).JPG
improbable-133.jpg,../../data/raw/Pictures for AI\Site 182\Improbable (4).JPG
improbable-134.jpg,../../data/raw/Pictures for AI\Site 182\Improbable (5).JPG
improbable-135.jpg,../../data/raw/Pictures for AI\Site 182\Improbable (6).JPG
improbable-136.jpg,../../data/raw/Pictures for AI\Site 182\Improbable (touching primary lines).JPG
improbable-137.jpg,../../data/raw/Pictures for AI\Site 182\Improbable.JPG
improbable-138.jpg,../../data/raw/Pictures for AI\Site 186\Tree ID 1 - Improbable.jpg
improbable-139.jpg,../../data/raw/Pictures for AI\Site 186\Tree ID 2 - Improbable.jpg
improbable-140.jpg,../../data/raw/Pictures for AI\Site 187\Tree ID 1 - Improbable.jpg
improbable-141.jpg,../../data/raw/Pictures for AI\Site 188\Tree ID 1 - Improbable.jpg
improbable-142.jpg,../../data/raw/Pictures for AI\Site 188\Tree ID 2 - Improbable.jpg
improbable-143.jpg,../../data/raw/Pictures for AI\Site 2\Improbable (2).JPG
improbable-144.jpg,../../data/raw/Pictures for AI\Site 2\Improbable (pinus strobus), Possible (topped populus deltoides), improbable (pinus strobus).JPG
improbable-145.jpg,../../data/raw/Pictures for AI\Site 2\Improbable.JPG
improbable-146.jpg,../../data/raw/Pictures for AI\Site 20\11, 12, 13, 14 - Improbable (all eastern red cedar 4 trees).JPG
improbable-147.jpg,../../data/raw/Pictures for AI\Site 20\13, 14 - Improbable (all eastern red cedar 2 trees).JPG
improbable-148.jpg,../../data/raw/Pictures for AI\Site 20\2 - Improbable.JPG
improbable-149.jpg,../../data/raw/Pictures for AI\Site 20\5 - Improbable (eastern red cedar).JPG
improbable-150.jpg,../../data/raw/Pictures for AI\Site 20\6 - Improbable (eastern red cedar 2).JPG
improbable-151.jpg,../../data/raw/Pictures for AI\Site 20\7 - Improbable (black cherry).JPG
improbable-152.jpg,../../data/raw/Pictures for AI\Site 202\IMG-5046.JPG
improbable-153.jpg,../../data/raw/Pictures for AI\Site 203\1 - improbable.JPG
improbable-154.jpg,../../data/raw/Pictures for AI\Site 203\2 - improbable.JPG
improbable-155.jpg,../../data/raw/Pictures for AI\Site 203\3 - improbable.JPG
improbable-156.jpg,../../data/raw/Pictures for AI\Site 203\4 - improbable.JPG
improbable-157.jpg,../../data/raw/Pictures for AI\Site 205\1 - improbable.JPG
improbable-158.jpg,../../data/raw/Pictures for AI\Site 205\3 - Improbable.JPG
improbable-159.jpg,../../data/raw/Pictures for AI\Site 205\4 - improbable.JPG
improbable-160.jpg,../../data/raw/Pictures for AI\Site 205\5 - improbable.JPG
improbable-161.jpg,../../data/raw/Pictures for AI\Site 205\6 - improbable.JPG
improbable-162.jpg,../../data/raw/Pictures for AI\Site 205\7 - improbable.JPG
improbable-163.jpg,../../data/raw/Pictures for AI\Site 209\1 - improbable.JPG
improbable-164.jpg,../../data/raw/Pictures for AI\Site 209\2 - improbable.JPG
improbable-165.jpg,../../data/raw/Pictures for AI\Site 209\3 - improbable.JPG
improbable-166.jpg,../../data/raw/Pictures for AI\Site 209\4 - improbable.JPG
improbable-167.jpg,../../data/raw/Pictures for AI\Site 213\Improbable (2).JPG
improbable-168.jpg,../../data/raw/Pictures for AI\Site 213\Improbable (3).JPG
improbable-169.jpg,../../data/raw/Pictures for AI\Site 213\Improbable (tree in front of pole).JPG
improbable-170.jpg,../../data/raw/Pictures for AI\Site 213\Improbable.JPG
improbable-171.jpg,../../data/raw/Pictures for AI\Site 214\Improbable.JPG
improbable-172.jpg,../../data/raw/Pictures for AI\Site 22\Improbable (2).JPG
improbable-173.jpg,../../data/raw/Pictures for AI\Site 22\Improbable (3).JPG
improbable-174.jpg,../../data/raw/Pictures for AI\Site 22\Improbable (4).JPG
improbable-175.jpg,../../data/raw/Pictures for AI\Site 22\Improbable.JPG
improbable-176.jpg,../../data/raw/Pictures for AI\Site 23\Improbable.JPG
improbable-177.jpg,../../data/raw/Pictures for AI\Site 23\Improbable_2_london plane.JPG
improbable-178.jpg,../../data/raw/Pictures for AI\Site 23\Improbable_3_london plane.JPG
improbable-179.jpg,../../data/raw/Pictures for AI\Site 23\Improbable_4_london plane.JPG
improbable-180.jpg,../../data/raw/Pictures for AI\Site 23\Improbable_5_london plane.JPG
improbable-181.jpg,../../data/raw/Pictures for AI\Site 25\Improbable.JPG
improbable-182.jpg,../../data/raw/Pictures for AI\Site 25\Improbable_2.JPG
improbable-183.jpg,../../data/raw/Pictures for AI\Site 25\Improbable_3.JPG
improbable-184.jpg,../../data/raw/Pictures for AI\Site 28\Improbable (2).JPG
improbable-185.jpg,../../data/raw/Pictures for AI\Site 28\Improbable (3).JPG
improbable-186.jpg,../../data/raw/Pictures for AI\Site 28\Improbable (4).JPG
improbable-187.jpg,../../data/raw/Pictures for AI\Site 28\Improbable (5).JPG
improbable-188.jpg,../../data/raw/Pictures for AI\Site 28\Improbable (6).JPG
improbable-189.jpg,../../data/raw/Pictures for AI\Site 28\Improbable.JPG
improbable-190.jpg,../../data/raw/Pictures for AI\Site 29\Improbable (2).JPG
improbable-191.jpg,../../data/raw/Pictures for AI\Site 29\Improbable (3).JPG
improbable-192.jpg,../../data/raw/Pictures for AI\Site 29\Improbable (4).JPG
improbable-193.jpg,../../data/raw/Pictures for AI\Site 29\Improbable (5).JPG
improbable-194.jpg,../../data/raw/Pictures for AI\Site 29\Improbable.JPG
improbable-195.jpg,../../data/raw/Pictures for AI\Site 30\Improbable.jpg
improbable-196.jpg,../../data/raw/Pictures for AI\Site 31\Improbable (acer platanoides).JPG
improbable-197.jpg,../../data/raw/Pictures for AI\Site 31\Improbable (large acer platanoides crimson king).JPG
improbable-198.jpg,../../data/raw/Pictures for AI\Site 31\Improbable (small crimson king acer platanoides).JPG
improbable-199.jpg,../../data/raw/Pictures for AI\Site 31\Improbable.JPG
improbable-200.jpg,../../data/raw/Pictures for AI\Site 34\Improbable (large scarlet oak).JPG
improbable-201.jpg,../../data/raw/Pictures for AI\Site 34\Improbable (scarlet oak).JPG
improbable-202.jpg,../../data/raw/Pictures for AI\Site 34\Improbable (topped eastern white pine).JPG
improbable-203.jpg,../../data/raw/Pictures for AI\Site 40\Improbable (2).JPG
improbable-204.jpg,../../data/raw/Pictures for AI\Site 40\Improbable (3).JPG
improbable-205.jpg,../../data/raw/Pictures for AI\Site 40\Improbable (4).JPG
improbable-206.jpg,../../data/raw/Pictures for AI\Site 40\Improbable (5).JPG
improbable-207.jpg,../../data/raw/Pictures for AI\Site 40\Improbable.JPG
improbable-208.jpg,../../data/raw/Pictures for AI\Site 42\Improbable.JPG
improbable-209.jpg,../../data/raw/Pictures for AI\Site 43\Improbable (2).JPG
improbable-210.jpg,../../data/raw/Pictures for AI\Site 44\IMG-4287.JPG
improbable-211.jpg,../../data/raw/Pictures for AI\Site 46\1- Improbable.JPG
improbable-212.jpg,../../data/raw/Pictures for AI\Site 46\2 - Improbable.JPG
improbable-213.jpg,../../data/raw/Pictures for AI\Site 46\3 - Improbable.JPG
improbable-214.jpg,../../data/raw/Pictures for AI\Site 46\4 - Improbable.JPG
improbable-215.jpg,../../data/raw/Pictures for AI\Site 46\5 - Improbable.JPG
improbable-216.jpg,../../data/raw/Pictures for AI\Site 46\6 - Improbable.JPG
improbable-217.jpg,../../data/raw/Pictures for AI\Site 46\7 - Improbable.JPG
improbable-218.jpg,../../data/raw/Pictures for AI\Site 47\Improbable.JPG
improbable-219.jpg,../../data/raw/Pictures for AI\Site 48\Improbable (2).JPG
improbable-220.jpg,../../data/raw/Pictures for AI\Site 48\Improbable (3).JPG
improbable-221.jpg,../../data/raw/Pictures for AI\Site 48\Improbable (4).JPG
improbable-222.jpg,../../data/raw/Pictures for AI\Site 48\Improbable.JPG
improbable-223.jpg,../../data/raw/Pictures for AI\Site 49\Improbable.JPG
improbable-224.jpg,../../data/raw/Pictures for AI\Site 51\Improbable (2).JPG
improbable-225.jpg,../../data/raw/Pictures for AI\Site 51\Improbable (3).JPG
improbable-226.jpg,../../data/raw/Pictures for AI\Site 51\Improbable (4).JPG
improbable-227.jpg,../../data/raw/Pictures for AI\Site 51\Improbable.JPG
improbable-228.jpg,../../data/raw/Pictures for AI\Site 52\Improbable (2).JPG
improbable-229.jpg,../../data/raw/Pictures for AI\Site 52\Improbable (3).JPG
improbable-230.jpg,../../data/raw/Pictures for AI\Site 52\Improbable (4).JPG
improbable-231.jpg,../../data/raw/Pictures for AI\Site 52\Improbable.JPG
improbable-232.jpg,../../data/raw/Pictures for AI\Site 53\Improbable (2).JPG
improbable-233.jpg,../../data/raw/Pictures for AI\Site 53\Improbable.JPG
improbable-234.jpg,../../data/raw/Pictures for AI\Site 54\Improbable (2).JPG
improbable-235.jpg,../../data/raw/Pictures for AI\Site 54\Improbable (3).JPG
improbable-236.jpg,../../data/raw/Pictures for AI\Site 54\Improbable.JPG
improbable-237.jpg,../../data/raw/Pictures for AI\Site 58\Improbable.JPG
improbable-238.jpg,../../data/raw/Pictures for AI\Site 59\1 - improbable.JPG
improbable-239.jpg,../../data/raw/Pictures for AI\Site 59\5 - improbable.JPG
improbable-240.jpg,../../data/raw/Pictures for AI\Site 59\6 - improbable.JPG
improbable-241.jpg,../../data/raw/Pictures for AI\Site 59\7 - improbable.JPG
improbable-242.jpg,../../data/raw/Pictures for AI\Site 6\Improbable_1.JPG
improbable-243.jpg,../../data/raw/Pictures for AI\Site 6\Improbable_2.JPG
improbable-244.jpg,../../data/raw/Pictures for AI\Site 6\Improbable_3.JPG
improbable-245.jpg,../../data/raw/Pictures for AI\Site 6\Improbable_4.JPG
improbable-246.jpg,../../data/raw/Pictures for AI\Site 6\Improbable_5.JPG
improbable-247.jpg,../../data/raw/Pictures for AI\Site 6\Improbable_6.JPG
improbable-248.jpg,../../data/raw/Pictures for AI\Site 6\Improbable_7.JPG
improbable-249.jpg,../../data/raw/Pictures for AI\Site 6\Improbable_8.JPG
improbable-250.jpg,../../data/raw/Pictures for AI\Site 60\Improbable (2).JPG
improbable-251.jpg,../../data/raw/Pictures for AI\Site 60\Improbable (3).JPG
improbable-252.jpg,../../data/raw/Pictures for AI\Site 60\Improbable (4).JPG
improbable-253.jpg,../../data/raw/Pictures for AI\Site 60\Improbable (5).JPG
improbable-254.jpg,../../data/raw/Pictures for AI\Site 60\Improbable.JPG
improbable-255.jpg,../../data/raw/Pictures for AI\Site 61\Improbable (2).JPG
improbable-256.jpg,../../data/raw/Pictures for AI\Site 61\Improbable (3).JPG
improbable-257.jpg,../../data/raw/Pictures for AI\Site 61\Improbable (liquidambar).JPG
improbable-258.jpg,../../data/raw/Pictures for AI\Site 61\Improbable.JPG
improbable-259.jpg,../../data/raw/Pictures for AI\Site 63\Improbable.JPG
improbable-260.jpg,../../data/raw/Pictures for AI\Site 65\Improbable (2).JPG
improbable-261.jpg,../../data/raw/Pictures for AI\Site 65\Improbable.JPG
improbable-262.jpg,../../data/raw/Pictures for AI\Site 66\Improbable (2).JPG
improbable-263.jpg,../../data/raw/Pictures for AI\Site 66\Improbable.JPG
improbable-264.jpg,../../data/raw/Pictures for AI\Site 67\Improbable 2.JPG
improbable-265.jpg,../../data/raw/Pictures for AI\Site 67\Improbable.JPG
improbable-266.jpg,../../data/raw/Pictures for AI\Site 7\Improbable (linden).JPG
improbable-267.jpg,../../data/raw/Pictures for AI\Site 7\Improbable (pear).JPG
improbable-268.jpg,../../data/raw/Pictures for AI\Site 7\Improbable.JPG
improbable-269.jpg,../../data/raw/Pictures for AI\Site 70\Improbable (2).JPG
improbable-270.jpg,../../data/raw/Pictures for AI\Site 70\Improbable (3).JPG
improbable-271.jpg,../../data/raw/Pictures for AI\Site 70\Improbable (4).JPG
improbable-272.jpg,../../data/raw/Pictures for AI\Site 70\Improbable (5).JPG
improbable-273.jpg,../../data/raw/Pictures for AI\Site 70\Improbable (6).JPG
improbable-274.jpg,../../data/raw/Pictures for AI\Site 70\Improbable.JPG
improbable-275.jpg,../../data/raw/Pictures for AI\Site 71\Improbable (2).JPG
improbable-276.jpg,../../data/raw/Pictures for AI\Site 71\Improbable.JPG
improbable-277.jpg,../../data/raw/Pictures for AI\Site 72\Improbable (2).JPG
improbable-278.jpg,../../data/raw/Pictures for AI\Site 72\Improbable (3).JPG
improbable-279.jpg,../../data/raw/Pictures for AI\Site 72\Improbable (4).JPG
improbable-280.jpg,../../data/raw/Pictures for AI\Site 72\Improbable (5).JPG
improbable-281.jpg,../../data/raw/Pictures for AI\Site 72\Improbable (6).JPG
improbable-282.jpg,../../data/raw/Pictures for AI\Site 72\Improbable.JPG
improbable-283.jpg,../../data/raw/Pictures for AI\Site 73\Improbable (2).JPG
improbable-284.jpg,../../data/raw/Pictures for AI\Site 73\Improbable.JPG
improbable-285.jpg,../../data/raw/Pictures for AI\Site 74\Improbable.JPG
improbable-286.jpg,../../data/raw/Pictures for AI\Site 75\Improbable.JPG
improbable-287.jpg,../../data/raw/Pictures for AI\Site 76\Improbable (2).JPG
improbable-288.jpg,../../data/raw/Pictures for AI\Site 76\Improbable (3).JPG
improbable-289.jpg,../../data/raw/Pictures for AI\Site 76\Improbable.JPG
improbable-290.jpg,../../data/raw/Pictures for AI\Site 77\Improbable.jpg
improbable-291.jpg,../../data/raw/Pictures for AI\Site 79\Improbable.JPG
improbable-292.jpg,../../data/raw/Pictures for AI\Site 8\Improbable (2).JPG
improbable-293.jpg,../../data/raw/Pictures for AI\Site 8\Improbable.JPG
improbable-294.jpg,../../data/raw/Pictures for AI\Site 81\Improbable (2).JPG
improbable-295.jpg,../../data/raw/Pictures for AI\Site 81\Improbable (3).JPG
improbable-296.jpg,../../data/raw/Pictures for AI\Site 81\Improbable.JPG
improbable-297.jpg,../../data/raw/Pictures for AI\Site 82\Improbable (2).JPG
improbable-298.jpg,../../data/raw/Pictures for AI\Site 82\Improbable.JPG
improbable-299.jpg,../../data/raw/Pictures for AI\Site 83\Improbable.JPG
improbable-300.jpg,../../data/raw/Pictures for AI\Site 84\Improbable (2).JPG
improbable-301.jpg,../../data/raw/Pictures for AI\Site 84\Improbable (3).JPG
improbable-302.jpg,../../data/raw/Pictures for AI\Site 84\Improbable.JPG
improbable-303.jpg,../../data/raw/Pictures for AI\Site 88\Improbable.JPG
improbable-304.jpg,../../data/raw/Pictures for AI\Site 88\Improbable_2.JPG
improbable-305.jpg,../../data/raw/Pictures for AI\Site 9\Improbable (2).JPG
improbable-306.jpg,../../data/raw/Pictures for AI\Site 9\Improbable (3).JPG
improbable-307.jpg,../../data/raw/Pictures for AI\Site 9\Improbable (4).JPG
improbable-308.jpg,../../data/raw/Pictures for AI\Site 9\Improbable.JPG
improbable-309.jpg,../../data/raw/Pictures for AI\Site 90\Improbable (2).JPG
improbable-310.jpg,../../data/raw/Pictures for AI\Site 90\Improbable.JPG
improbable-311.jpg,../../data/raw/Pictures for AI\Site 95\Improbable (2).JPG
improbable-312.jpg,../../data/raw/Pictures for AI\Site 95\Improbable.JPG
improbable-313.jpg,../../data/raw/Pictures for AI\Site 96\Improbable.JPG
improbable-314.jpg,../../data/raw/Pictures for AI\Site 97\Improbable (2).JPG
improbable-315.jpg,../../data/raw/Pictures for AI\Site 97\Improbable (3).JPG
improbable-316.jpg,../../data/raw/Pictures for AI\Site 97\Improbable (4).JPG
improbable-317.jpg,../../data/raw/Pictures for AI\Site 97\Improbable (5).JPG
improbable-318.jpg,../../data/raw/Pictures for AI\Site 97\Improbable.JPG
improbable-319.jpg,../../data/raw/Pictures for AI\Site 98\Improbable (2).JPG
improbable-320.jpg,../../data/raw/Pictures for AI\Site 98\Improbable (3).JPG
improbable-321.jpg,../../data/raw/Pictures for AI\Site 98\Improbable (4).JPG
improbable-322.jpg,../../data/raw/Pictures for AI\Site 98\Improbable.JPG
improbable-323.jpg,../../data/raw/Summer 2021 AI Photos\Amanda\Near power lines\17_improbable.jpg
improbable-324.jpg,../../data/raw/Summer 2021 AI Photos\Amanda\Near power lines\19_improbable.jpg
improbable-325.jpg,../../data/raw/Summer 2021 AI Photos\Amanda\Near power lines\2_improbable.jpg
improbable-326.jpg,../../data/raw/Summer 2021 AI Photos\Amanda\Near power lines\30_improbable.jpg
improbable-327.jpg,../../data/raw/Summer 2021 AI Photos\Amanda\Near power lines\31_improbable.jpg
improbable-328.jpg,../../data/raw/Summer 2021 AI Photos\Amanda\Near power lines\33_improbable_because_limited_visual.jpg
improbable-329.jpg,../../data/raw/Summer 2021 AI Photos\Amanda\Near power lines\36_improbable.jpg
improbable-330.jpg,../../data/raw/Summer 2021 AI Photos\Amanda\Near power lines\38_improbable.jpg
improbable-331.jpg,../../data/raw/Summer 2021 AI Photos\Ari\Near power lines\11 - improbable.jpg
improbable-332.jpg,../../data/raw/Summer 2021 AI Photos\Ari\Near power lines\12 - improbable - reaction wood around codominant stem.jpg
improbable-333.jpg,../../data/raw/Summer 2021 AI Photos\Ari\Near power lines\13 - improbable - branch union closeup.jpg
improbable-334.jpg,../../data/raw/Summer 2021 AI Photos\Ari\Near power lines\14 - Improbable.jpg
improbable-335.jpg,../../data/raw/Summer 2021 AI Photos\Ari\Near power lines\15 - Improbable.jpg
improbable-336.jpg,../../data/raw/Summer 2021 AI Photos\Ari\Near power lines\16 - Improbable.jpg
improbable-337.jpg,../../data/raw/Summer 2021 AI Photos\Ari\Near power lines\18 - Improbable.jpg
improbable-338.jpg,../../data/raw/Summer 2021 AI Photos\Ari\Near power lines\19 - Improbable.jpg
improbable-339.jpg,../../data/raw/Summer 2021 AI Photos\Ari\Near power lines\20 - Improbable.jpg
improbable-340.jpg,../../data/raw/Summer 2021 AI Photos\Ari\Near power lines\21 - improbable.jpg
improbable-341.jpg,../../data/raw/Summer 2021 AI Photos\Ari\Near power lines\22- Improbable.jpg
improbable-342.jpg,../../data/raw/Summer 2021 AI Photos\Ari\Near power lines\23 - Improbable.jpg
improbable-343.jpg,../../data/raw/Summer 2021 AI Photos\Ari\Near power lines\26 - Improbable.jpg
improbable-344.jpg,../../data/raw/Summer 2021 AI Photos\Ari\Near power lines\29 - Improbable.jpg
improbable-345.jpg,../../data/raw/Summer 2021 AI Photos\Ari\Near power lines\3 - Improbable.jpg
improbable-346.jpg,../../data/raw/Summer 2021 AI Photos\Ari\Near power lines\30 - Improbable.jpg
improbable-347.jpg,../../data/raw/Summer 2021 AI Photos\Ari\Near power lines\32 - Improbable.jpg
improbable-348.jpg,../../data/raw/Summer 2021 AI Photos\Ari\Near power lines\33 - Improbable.jpg
improbable-349.jpg,../../data/raw/Summer 2021 AI Photos\Ari\Near power lines\34 - Improbable.jpg
improbable-350.jpg,../../data/raw/Summer 2021 AI Photos\Ari\Near power lines\36 - Improbable.jpg
improbable-351.jpg,../../data/raw/Summer 2021 AI Photos\Ari\Near power lines\37 - Improbable.jpg
improbable-352.jpg,../../data/raw/Summer 2021 AI Photos\Ari\Near power lines\38 - Improbable.jpg
improbable-353.jpg,../../data/raw/Summer 2021 AI Photos\Ari\Near power lines\4 - Improbable.jpg
improbable-354.jpg,../../data/raw/Summer 2021 AI Photos\Ari\Near power lines\40 - Improbable.jpg
improbable-355.jpg,../../data/raw/Summer 2021 AI Photos\Ari\Near power lines\42 - Improbable.jpg
improbable-356.jpg,../../data/raw/Summer 2021 AI Photos\Ari\Near power lines\43 - Improbable.jpg
improbable-357.jpg,../../data/raw/Summer 2021 AI Photos\Ari\Near power lines\44 - Improbable.jpg
improbable-358.jpg,../../data/raw/Summer 2021 AI Photos\Ari\Near power lines\46 - Improbable.jpg
improbable-359.jpg,../../data/raw/Summer 2021 AI Photos\Ari\Near power lines\47 - Improbable.jpg
improbable-360.jpg,../../data/raw/Summer 2021 AI Photos\Ari\Near power lines\48 - Improbable.jpg
improbable-361.jpg,../../data/raw/Summer 2021 AI Photos\Ari\Near power lines\49 - Improbable.jpg
improbable-362.jpg,../../data/raw/Summer 2021 AI Photos\Ari\Near power lines\5 - Improbable.jpg
improbable-363.jpg,../../data/raw/Summer 2021 AI Photos\Ari\Near power lines\50 - Improbable.jpg
improbable-364.jpg,../../data/raw/Summer 2021 AI Photos\Ari\Near power lines\51 - Improbable.jpg
improbable-365.jpg,../../data/raw/Summer 2021 AI Photos\Ari\Near power lines\52 - Improbable.jpg
improbable-366.jpg,../../data/raw/Summer 2021 AI Photos\Ari\Near power lines\53 - Improbable.jpg
improbable-367.jpg,../../data/raw/Summer 2021 AI Photos\Ari\Near power lines\54 - Improbable.jpg
improbable-368.jpg,../../data/raw/Summer 2021 AI Photos\Ari\Near power lines\55 - Improbable.jpg
improbable-369.jpg,../../data/raw/Summer 2021 AI Photos\Ari\Near power lines\57 - Improbable.jpg
improbable-370.jpg,../../data/raw/Summer 2021 AI Photos\Ari\Near power lines\58 - Improbable.jpg
improbable-371.jpg,../../data/raw/Summer 2021 AI Photos\Ari\Near power lines\59 - Improbable.jpg
improbable-372.jpg,../../data/raw/Summer 2021 AI Photos\Ari\Near power lines\62 - improbable.jpg
improbable-373.jpg,../../data/raw/Summer 2021 AI Photos\Ari\Near power lines\65 - improbable.jpg
improbable-374.jpg,../../data/raw/Summer 2021 AI Photos\Ari\Near power lines\66 - improbable.jpg
improbable-375.jpg,../../data/raw/Summer 2021 AI Photos\Ari\Near power lines\7 - Improbable.jpg
improbable-376.jpg,../../data/raw/Summer 2021 AI Photos\Ari\Near power lines\8 - Improbable.jpg
improbable-377.jpg,../../data/raw/Summer 2021 AI Photos\Ryan\Near power lines\1-improbable-closeup.jpg
improbable-378.jpg,../../data/raw/Summer 2021 AI Photos\Ryan\Near power lines\10-improbable.jpg
improbable-379.jpg,../../data/raw/Summer 2021 AI Photos\Ryan\Near power lines\100-improbable.jpg
improbable-380.jpg,../../data/raw/Summer 2021 AI Photos\Ryan\Near power lines\103-improbable.jpg
improbable-381.jpg,../../data/raw/Summer 2021 AI Photos\Ryan\Near power lines\105-improbable.jpg
improbable-382.jpg,../../data/raw/Summer 2021 AI Photos\Ryan\Near power lines\106-improbable.jpg
improbable-383.jpg,../../data/raw/Summer 2021 AI Photos\Ryan\Near power lines\107-improbable.jpg
improbable-384.jpg,../../data/raw/Summer 2021 AI Photos\Ryan\Near power lines\108-improbable.jpg
improbable-385.jpg,../../data/raw/Summer 2021 AI Photos\Ryan\Near power lines\11-improbable.jpg
improbable-386.jpg,../../data/raw/Summer 2021 AI Photos\Ryan\Near power lines\110-improbable.jpg
improbable-387.jpg,../../data/raw/Summer 2021 AI Photos\Ryan\Near power lines\111-improbable.jpg
improbable-388.jpg,../../data/raw/Summer 2021 AI Photos\Ryan\Near power lines\113-improbable.jpg
improbable-389.jpg,../../data/raw/Summer 2021 AI Photos\Ryan\Near power lines\114-improbable.jpg
improbable-390.jpg,../../data/raw/Summer 2021 AI Photos\Ryan\Near power lines\115-improbable.jpg
improbable-391.jpg,../../data/raw/Summer 2021 AI Photos\Ryan\Near power lines\116-improbable.jpg
improbable-392.jpg,../../data/raw/Summer 2021 AI Photos\Ryan\Near power lines\117-improbable.jpg
improbable-393.jpg,../../data/raw/Summer 2021 AI Photos\Ryan\Near power lines\120-improbable.jpg
improbable-394.jpg,../../data/raw/Summer 2021 AI Photos\Ryan\Near power lines\121-improbable.jpg
improbable-395.jpg,../../data/raw/Summer 2021 AI Photos\Ryan\Near power lines\14-improbable.jpg
improbable-396.jpg,../../data/raw/Summer 2021 AI Photos\Ryan\Near power lines\15-improbable.jpg
improbable-397.jpg,../../data/raw/Summer 2021 AI Photos\Ryan\Near power lines\17-improbable.jpg
improbable-398.jpg,../../data/raw/Summer 2021 AI Photos\Ryan\Near power lines\18-improbable.jpg
improbable-399.jpg,../../data/raw/Summer 2021 AI Photos\Ryan\Near power lines\19-improbable.jpg
improbable-400.jpg,../../data/raw/Summer 2021 AI Photos\Ryan\Near power lines\2-improbable.jpg
improbable-401.jpg,../../data/raw/Summer 2021 AI Photos\Ryan\Near power lines\24-improbable.jpg
improbable-402.jpg,../../data/raw/Summer 2021 AI Photos\Ryan\Near power lines\25-improbable reaction wood.jpg
improbable-403.jpg,../../data/raw/Summer 2021 AI Photos\Ryan\Near power lines\26-improbable.jpg
improbable-404.jpg,../../data/raw/Summer 2021 AI Photos\Ryan\Near power lines\27-improbable.jpg
improbable-405.jpg,../../data/raw/Summer 2021 AI Photos\Ryan\Near power lines\29-improbable.jpg
improbable-406.jpg,../../data/raw/Summer 2021 AI Photos\Ryan\Near power lines\30-improbable.jpg
improbable-407.jpg,../../data/raw/Summer 2021 AI Photos\Ryan\Near power lines\31-improbable.jpg
improbable-408.jpg,../../data/raw/Summer 2021 AI Photos\Ryan\Near power lines\33-improbable.jpg
improbable-409.jpg,../../data/raw/Summer 2021 AI Photos\Ryan\Near power lines\37-improbable.jpg
improbable-410.jpg,../../data/raw/Summer 2021 AI Photos\Ryan\Near power lines\38-improbable.jpg
improbable-411.jpg,../../data/raw/Summer 2021 AI Photos\Ryan\Near power lines\39-improbable.jpg
improbable-412.jpg,../../data/raw/Summer 2021 AI Photos\Ryan\Near power lines\40-improbable.jpg
improbable-413.jpg,../../data/raw/Summer 2021 AI Photos\Ryan\Near power lines\42-improbable.jpg
improbable-414.jpg,../../data/raw/Summer 2021 AI Photos\Ryan\Near power lines\43-improbable.jpg
improbable-415.jpg,../../data/raw/Summer 2021 AI Photos\Ryan\Near power lines\46-improbable.jpg
improbable-416.jpg,../../data/raw/Summer 2021 AI Photos\Ryan\Near power lines\48-improbable.jpg
improbable-417.jpg,../../data/raw/Summer 2021 AI Photos\Ryan\Near power lines\49-improbable.jpg
improbable-418.jpg,../../data/raw/Summer 2021 AI Photos\Ryan\Near power lines\50-improbable.jpg
improbable-419.jpg,../../data/raw/Summer 2021 AI Photos\Ryan\Near power lines\51-improbable.jpg
improbable-420.jpg,../../data/raw/Summer 2021 AI Photos\Ryan\Near power lines\52-improbable.jpg
improbable-421.jpg,../../data/raw/Summer 2021 AI Photos\Ryan\Near power lines\53-improbable codominant massive response growth.jpg
improbable-422.jpg,../../data/raw/Summer 2021 AI Photos\Ryan\Near power lines\54-improbable.jpg
improbable-423.jpg,../../data/raw/Summer 2021 AI Photos\Ryan\Near power lines\55-improbable.jpg
improbable-424.jpg,../../data/raw/Summer 2021 AI Photos\Ryan\Near power lines\56-improbable.jpg
improbable-425.jpg,../../data/raw/Summer 2021 AI Photos\Ryan\Near power lines\57-improbable.jpg
improbable-426.jpg,../../data/raw/Summer 2021 AI Photos\Ryan\Near power lines\58-improbable.jpg
improbable-427.jpg,../../data/raw/Summer 2021 AI Photos\Ryan\Near power lines\61-improbable.jpg
improbable-428.jpg,../../data/raw/Summer 2021 AI Photos\Ryan\Near power lines\62-improbable.jpg
improbable-429.jpg,../../data/raw/Summer 2021 AI Photos\Ryan\Near power lines\63-improbable.jpg
improbable-430.jpg,../../data/raw/Summer 2021 AI Photos\Ryan\Near power lines\64-improbable.jpg
improbable-431.jpg,../../data/raw/Summer 2021 AI Photos\Ryan\Near power lines\65-improbable.jpg
improbable-432.jpg,../../data/raw/Summer 2021 AI Photos\Ryan\Near power lines\66-improbable.jpg
improbable-433.jpg,../../data/raw/Summer 2021 AI Photos\Ryan\Near power lines\67-improbable.jpg
improbable-434.jpg,../../data/raw/Summer 2021 AI Photos\Ryan\Near power lines\68-improbable.jpg
improbable-435.jpg,../../data/raw/Summer 2021 AI Photos\Ryan\Near power lines\69-improbable.jpg
improbable-436.jpg,../../data/raw/Summer 2021 AI Photos\Ryan\Near power lines\70-improbable.jpg
improbable-437.jpg,../../data/raw/Summer 2021 AI Photos\Ryan\Near power lines\71-improbable.jpg
improbable-438.jpg,../../data/raw/Summer 2021 AI Photos\Ryan\Near power lines\72-improbable.jpg
improbable-439.jpg,../../data/raw/Summer 2021 AI Photos\Ryan\Near power lines\73-improbable.jpg
improbable-440.jpg,../../data/raw/Summer 2021 AI Photos\Ryan\Near power lines\74-improbable.jpg
improbable-441.jpg,../../data/raw/Summer 2021 AI Photos\Ryan\Near power lines\75-improbable.jpg
improbable-442.jpg,../../data/raw/Summer 2021 AI Photos\Ryan\Near power lines\77-improbable.jpg
improbable-443.jpg,../../data/raw/Summer 2021 AI Photos\Ryan\Near power lines\78-improbable.jpg
improbable-444.jpg,../../data/raw/Summer 2021 AI Photos\Ryan\Near power lines\79-improbable.jpg
improbable-445.jpg,../../data/raw/Summer 2021 AI Photos\Ryan\Near power lines\8-improbable.jpg
improbable-446.jpg,../../data/raw/Summer 2021 AI Photos\Ryan\Near power lines\80-improbable.jpg
improbable-447.jpg,../../data/raw/Summer 2021 AI Photos\Ryan\Near power lines\83-improbable.jpg
improbable-448.jpg,../../data/raw/Summer 2021 AI Photos\Ryan\Near power lines\85-improbable.jpg
improbable-449.jpg,../../data/raw/Summer 2021 AI Photos\Ryan\Near power lines\86-improbable.jpg
improbable-450.jpg,../../data/raw/Summer 2021 AI Photos\Ryan\Near power lines\88-improbable.jpg
improbable-451.jpg,../../data/raw/Summer 2021 AI Photos\Ryan\Near power lines\89-improbable.jpg
improbable-452.jpg,../../data/raw/Summer 2021 AI Photos\Ryan\Near power lines\92-improbable.jpg
improbable-453.jpg,../../data/raw/Summer 2021 AI Photos\Ryan\Near power lines\93-improbable codominant stem with reaction wood.jpg
improbable-454.jpg,../../data/raw/Summer 2021 AI Photos\Ryan\Near power lines\94-improbable.jpg
improbable-455.jpg,../../data/raw/Summer 2021 AI Photos\Ryan\Near power lines\95-improbable.jpg
improbable-456.jpg,../../data/raw/Summer 2021 AI Photos\Ryan\Near power lines\96-improbable.jpg
improbable-457.jpg,../../data/raw/Summer 2021 AI Photos\Ryan\Near power lines\97-improbable.jpg
improbable-458.jpg,../../data/raw/Summer 2021 AI Photos\Ryan\Near power lines\98-improbable.jpg
improbable-459.jpg,../../data/raw/Summer 2021 AI Photos\Ryan\Near power lines\99-improbable.jpg
possible-1.jpg,../../data/raw/Pictures for AI\Site 11\Possible.JPG
possible-2.jpg,../../data/raw/Pictures for AI\Site 112\Possible (3 codominant stems with low crotch, included bark).JPG
possible-3.jpg,../../data/raw/Pictures for AI\Site 112\Possible (dead overhang, no decay visible).JPG
possible-4.jpg,../../data/raw/Pictures for AI\Site 116\Possible (deadwood in crown).JPG
possible-5.jpg,../../data/raw/Pictures for AI\Site 116\Possible (low codominant union).JPG
possible-6.jpg,../../data/raw/Pictures for AI\Site 118\Possible (deadwood at line height).JPG
possible-7.jpg,../../data/raw/Pictures for AI\Site 118\Possible (low codominant junction).JPG
possible-8.jpg,../../data/raw/Pictures for AI\Site 122\Tree ID 4 - Possible.jpg
possible-9.jpg,../../data/raw/Pictures for AI\Site 128\Possible (dead limbs).JPG
possible-10.jpg,../../data/raw/Pictures for AI\Site 128\Possible (multi stem codominant union at line height).JPG
possible-11.jpg,../../data/raw/Pictures for AI\Site 136\Possible (low codominant stem).JPG
possible-12.jpg,../../data/raw/Pictures for AI\Site 138\Possible (low crotch codominant stem).JPG
possible-13.jpg,../../data/raw/Pictures for AI\Site 14\10 - Possible(Previously topped).JPG
possible-14.jpg,../../data/raw/Pictures for AI\Site 14\8 - Possible(dead limbs, bad angles, topped).JPG
possible-15.jpg,../../data/raw/Pictures for AI\Site 148\Possible (deadwood).JPG
possible-16.jpg,../../data/raw/Pictures for AI\Site 148\Possible (trunk wound, decay).JPG
possible-17.jpg,../../data/raw/Pictures for AI\Site 151\Tree ID 1 - Possible.jpg
possible-18.jpg,../../data/raw/Pictures for AI\Site 152\Possible (dead overhangs).JPG
possible-19.jpg,../../data/raw/Pictures for AI\Site 155\Possible (Deadwood above lines).JPG
possible-20.jpg,../../data/raw/Pictures for AI\Site 155\Possible (weak branch union at previous point of failure).JPG
possible-21.jpg,../../data/raw/Pictures for AI\Site 159\Tree ID 2 - Possible.jpg
possible-22.jpg,../../data/raw/Pictures for AI\Site 161\Possible (verticle cracks on either side of trunk).JPG
possible-23.jpg,../../data/raw/Pictures for AI\Site 168\2 - possible (previous failure, decay).JPG
possible-24.jpg,../../data/raw/Pictures for AI\Site 17\Possible (red maple, weak attachment angles).JPG
possible-25.jpg,../../data/raw/Pictures for AI\Site 17\Possible (silver maple, codom weak attach, reaction wood).JPG
possible-26.jpg,../../data/raw/Pictures for AI\Site 17\Possible (silver maple, weak attachments, reaction wood present).JPG
possible-27.jpg,../../data/raw/Pictures for AI\Site 171\Tree ID 5 - Possible.jpg
possible-28.jpg,../../data/raw/Pictures for AI\Site 175\Tree ID 4 -Possible.jpg
possible-29.jpg,../../data/raw/Pictures for AI\Site 175\Tree ID 5 - Possible.jpg
possible-30.jpg,../../data/raw/Pictures for AI\Site 176\Possible (dieback, dead limbs).jpg
possible-31.jpg,../../data/raw/Pictures for AI\Site 178\Possible (previous failure, decay).JPG
possible-32.jpg,../../data/raw/Pictures for AI\Site 179\11 - Possible (codominant, reaction wood present).JPG
possible-33.jpg,../../data/raw/Pictures for AI\Site 179\8 - Possible (included bark, codominant multi stem, low crotch).JPG
possible-34.jpg,../../data/raw/Pictures for AI\Site 187\Tree ID 2 - Possible.jpg
possible-35.jpg,../../data/raw/Pictures for AI\Site 188\Tree ID 3 - Possible.jpg
possible-36.jpg,../../data/raw/Pictures for AI\Site 2\Possible (trunk would opposite partially uncorrected lean).JPG
possible-37.jpg,../../data/raw/Pictures for AI\Site 205\2 - possible (dead limbs).JPG
possible-38.jpg,../../data/raw/Pictures for AI\Site 207\1 - possible (included bark, codominant stems).JPG
possible-39.jpg,../../data/raw/Pictures for AI\Site 209\5 - possible (weak attachments, included bark, dieback).JPG
possible-40.jpg,../../data/raw/Pictures for AI\Site 21\Possible.jpg
possible-41.jpg,../../data/raw/Pictures for AI\Site 213\Possible (dieback, weak attachments).JPG
possible-42.jpg,../../data/raw/Pictures for AI\Site 213\Possible (weak attachments, codomoinant stems).JPG
possible-43.jpg,../../data/raw/Pictures for AI\Site 214\Possible (dieback, weak attachments).JPG
possible-44.jpg,../../data/raw/Pictures for AI\Site 22\Possible (dead limbs poor attachment angle).JPG
possible-45.jpg,../../data/raw/Pictures for AI\Site 22\Possible (dead limbs poor attachment).JPG
possible-46.jpg,../../data/raw/Pictures for AI\Site 28\Possible (low codominant stem, reaction wood present).JPG
possible-47.jpg,../../data/raw/Pictures for AI\Site 28\Possible (poor attachment codominant stems, weeping pitch).JPG
possible-48.jpg,../../data/raw/Pictures for AI\Site 34\Possible (eastern white pine).JPG
possible-49.jpg,../../data/raw/Pictures for AI\Site 34\Possible (eastern white pine, dead overhangs) (2).JPG
possible-50.jpg,../../data/raw/Pictures for AI\Site 34\Possible (eastern white pine, dead overhangs).JPG
possible-51.jpg,../../data/raw/Pictures for AI\Site 34\Possible (previous failure, reaction wood).JPG
possible-52.jpg,../../data/raw/Pictures for AI\Site 4\Possible (weak attachments).JPG
possible-53.jpg,../../data/raw/Pictures for AI\Site 4\Possible (weak attachments, previous failure with epicormic growth).JPG
possible-54.jpg,../../data/raw/Pictures for AI\Site 40\Possible (past failure, decay above lines).JPG
possible-55.jpg,../../data/raw/Pictures for AI\Site 41\Possible (Co-dom).JPG
possible-56.jpg,../../data/raw/Pictures for AI\Site 41\Possible (weak attachments).JPG
possible-57.jpg,../../data/raw/Pictures for AI\Site 42\Possible (weak attachment angles).JPG
possible-58.jpg,../../data/raw/Pictures for AI\Site 42\Possible (weak attachment, lion tail).JPG
possible-59.jpg,../../data/raw/Pictures for AI\Site 48\Possible (poor attachment, decay).JPG
possible-60.jpg,../../data/raw/Pictures for AI\Site 52\Possible (weak attachments).JPG
possible-61.jpg,../../data/raw/Pictures for AI\Site 52\Possible (weak attachments, crack at untion).JPG
possible-62.jpg,../../data/raw/Pictures for AI\Site 53\Possible (large defect rear of tree with decay, reaction wood).JPG
possible-63.jpg,../../data/raw/Pictures for AI\Site 54\Possible(crack rear side, bleeding).JPG
possible-64.jpg,../../data/raw/Pictures for AI\Site 59\3 - possible (previous failure at line height).JPG
possible-65.jpg,../../data/raw/Pictures for AI\Site 59\4 - possible (large previous failure, decay on main stem).JPG
possible-66.jpg,../../data/raw/Pictures for AI\Site 61\IMG-4268.JPG
possible-67.jpg,../../data/raw/Pictures for AI\Site 67\Possible (co-dom 3stem).JPG
possible-68.jpg,../../data/raw/Pictures for AI\Site 67\Possible (included bark at multi stem junction).JPG
possible-69.jpg,../../data/raw/Pictures for AI\Site 67\Possible (past failures, large wound, weak attachment).JPG
possible-70.jpg,../../data/raw/Pictures for AI\Site 7\Possible (dead limb, weak attachment).JPG
possible-71.jpg,../../data/raw/Pictures for AI\Site 7\Possible (spruce, codominant and dieback).JPG
possible-72.jpg,../../data/raw/Pictures for AI\Site 70\Possible (wound and decay, trunk, street side).JPG
possible-73.jpg,../../data/raw/Pictures for AI\Site 72\Possible.JPG
possible-74.jpg,../../data/raw/Pictures for AI\Site 76\Possible.JPG
possible-75.jpg,../../data/raw/Pictures for AI\Site 79\Possible (lean greater than 10 degrees).JPG
possible-76.jpg,../../data/raw/Pictures for AI\Site 84\Possible (decay on trunk).JPG
possible-77.jpg,../../data/raw/Pictures for AI\Site 9\Possible (previuos 2 stem tree, decay present in left stump).JPG
possible-78.jpg,../../data/raw/Pictures for AI\Site 96\Possible (large decaying wound at base, reaction wood present).JPG
possible-79.jpg,../../data/raw/Pictures for AI\Site 96\Possible (previous failure and decay above lines, reaction wood).JPG
possible-80.jpg,../../data/raw/Pictures for AI\Site 97\Possible (crack at multi stem junction).JPG
possible-81.jpg,../../data/raw/Summer 2021 AI Photos\Amanda\Near power lines\16_possible.jpg
possible-82.jpg,../../data/raw/Summer 2021 AI Photos\Amanda\Near power lines\18_possible_codominant_stems.jpg
possible-83.jpg,../../data/raw/Summer 2021 AI Photos\Amanda\Near power lines\1_possible_dead_branch.jpg
possible-84.jpg,../../data/raw/Summer 2021 AI Photos\Amanda\Near power lines\20_possible_decay.jpg
possible-85.jpg,../../data/raw/Summer 2021 AI Photos\Amanda\Near power lines\29_possible_codominant_stems.jpg
possible-86.jpg,../../data/raw/Summer 2021 AI Photos\Amanda\Near power lines\32_possible_codominant_stems.jpg
possible-87.jpg,../../data/raw/Summer 2021 AI Photos\Amanda\Near power lines\41_possible_decay.jpg
possible-88.jpg,../../data/raw/Summer 2021 AI Photos\Ari\Near power lines\17 - Possible.jpg
possible-89.jpg,../../data/raw/Summer 2021 AI Photos\Ari\Near power lines\24 - Possible.jpg
possible-90.jpg,../../data/raw/Summer 2021 AI Photos\Ari\Near power lines\25 - Possible.jpg
possible-91.jpg,../../data/raw/Summer 2021 AI Photos\Ari\Near power lines\27 - Possible.jpg
possible-92.jpg,../../data/raw/Summer 2021 AI Photos\Ari\Near power lines\28 - Possible.jpg
possible-93.jpg,../../data/raw/Summer 2021 AI Photos\Ari\Near power lines\31- Possible.jpg
possible-94.jpg,../../data/raw/Summer 2021 AI Photos\Ari\Near power lines\39 - Possible.jpg
possible-95.jpg,../../data/raw/Summer 2021 AI Photos\Ari\Near power lines\41 - Possible.jpg
possible-96.jpg,../../data/raw/Summer 2021 AI Photos\Ari\Near power lines\45 - Possible - Close up, included bark.jpg
possible-97.jpg,../../data/raw/Summer 2021 AI Photos\Ari\Near power lines\56 - Possible.jpg
possible-98.jpg,../../data/raw/Summer 2021 AI Photos\Ari\Near power lines\63 - possible.jpg
possible-99.jpg,../../data/raw/Summer 2021 AI Photos\Ari\Near power lines\64 - possible - close up, crack in codominant stem.jpg
possible-100.jpg,../../data/raw/Summer 2021 AI Photos\Ari\Near power lines\9 - Possible.jpg
possible-101.jpg,../../data/raw/Summer 2021 AI Photos\Ryan\Near power lines\104-possible codominant stem.jpg
possible-102.jpg,../../data/raw/Summer 2021 AI Photos\Ryan\Near power lines\109-possible low codominant union.jpg
possible-103.jpg,../../data/raw/Summer 2021 AI Photos\Ryan\Near power lines\112-possible weak attachment on low branch.jpg
possible-104.jpg,../../data/raw/Summer 2021 AI Photos\Ryan\Near power lines\118-possible codominant with included bark.jpg
possible-105.jpg,../../data/raw/Summer 2021 AI Photos\Ryan\Near power lines\119-possible-closeup of union and branch decay.jpg
possible-106.jpg,../../data/raw/Summer 2021 AI Photos\Ryan\Near power lines\12-possible.jpg
possible-107.jpg,../../data/raw/Summer 2021 AI Photos\Ryan\Near power lines\13-possible.jpg
possible-108.jpg,../../data/raw/Summer 2021 AI Photos\Ryan\Near power lines\16-possible.jpg
possible-109.jpg,../../data/raw/Summer 2021 AI Photos\Ryan\Near power lines\20-possible dieback.jpg
possible-110.jpg,../../data/raw/Summer 2021 AI Photos\Ryan\Near power lines\23-possible dieback.jpg
possible-111.jpg,../../data/raw/Summer 2021 AI Photos\Ryan\Near power lines\28-possible dieback.jpg
possible-112.jpg,../../data/raw/Summer 2021 AI Photos\Ryan\Near power lines\3-possible.jpg
possible-113.jpg,../../data/raw/Summer 2021 AI Photos\Ryan\Near power lines\35-possible low crotch codominant.jpg
possible-114.jpg,../../data/raw/Summer 2021 AI Photos\Ryan\Near power lines\36-possible crown dieback.jpg
possible-115.jpg,../../data/raw/Summer 2021 AI Photos\Ryan\Near power lines\41-possible crown dieback.jpg
possible-116.jpg,../../data/raw/Summer 2021 AI Photos\Ryan\Near power lines\44-possible crown dieback and basal wound.jpg
possible-117.jpg,../../data/raw/Summer 2021 AI Photos\Ryan\Near power lines\45-possible codominant.jpg
possible-118.jpg,../../data/raw/Summer 2021 AI Photos\Ryan\Near power lines\47-possible large past failure.jpg
possible-119.jpg,../../data/raw/Summer 2021 AI Photos\Ryan\Near power lines\5-possible.jpg
possible-120.jpg,../../data/raw/Summer 2021 AI Photos\Ryan\Near power lines\59-possible codominant union.jpg
possible-121.jpg,../../data/raw/Summer 2021 AI Photos\Ryan\Near power lines\6-possible.jpg
possible-122.jpg,../../data/raw/Summer 2021 AI Photos\Ryan\Near power lines\60-possible codominant union closeup.jpg
possible-123.jpg,../../data/raw/Summer 2021 AI Photos\Ryan\Near power lines\7-possible.jpg
possible-124.jpg,../../data/raw/Summer 2021 AI Photos\Ryan\Near power lines\76-possible codominant stem with crack and reaction wood.jpg
possible-125.jpg,../../data/raw/Summer 2021 AI Photos\Ryan\Near power lines\81-possible crown dieback.jpg
possible-126.jpg,../../data/raw/Summer 2021 AI Photos\Ryan\Near power lines\82-possible codominant stems included bark.jpg
possible-127.jpg,../../data/raw/Summer 2021 AI Photos\Ryan\Near power lines\84-possible previous failure and decay.jpg
possible-128.jpg,../../data/raw/Summer 2021 AI Photos\Ryan\Near power lines\87-possible cracked codominant stem.jpg
possible-129.jpg,../../data/raw/Summer 2021 AI Photos\Ryan\Near power lines\9-possible.jpg
possible-130.jpg,../../data/raw/Summer 2021 AI Photos\Ryan\Near power lines\90-possible weak unions and reaction wood.jpg
probable-1.jpg,../../data/raw/Pictures for AI\Site 104\(Probable, deadwood, dieback, large wound street side).JPG
probable-2.jpg,../../data/raw/Pictures for AI\Site 104\Probable (deadwood).JPG
probable-3.jpg,../../data/raw/Pictures for AI\Site 108\Tree ID 13 - Probable.jpg
probable-4.jpg,../../data/raw/Pictures for AI\Site 111\Probable (decay, insect damage with frass, codominant stems, included bark).JPG
probable-5.jpg,../../data/raw/Pictures for AI\Site 112\Probable (previously failed top, dead overhang below break, decay present).JPG
probable-6.jpg,../../data/raw/Pictures for AI\Site 115\Tree ID 1 - Probable.jpg
probable-7.jpg,../../data/raw/Pictures for AI\Site 115\Tree ID 2 - Probable.jpg
probable-8.jpg,../../data/raw/Pictures for AI\Site 115\Tree ID 3 - Probable.jpg
probable-9.jpg,../../data/raw/Pictures for AI\Site 115\Tree ID 4 - Probable.jpg
probable-10.jpg,../../data/raw/Pictures for AI\Site 115\Tree ID 5 - Probable.jpg
probable-11.jpg,../../data/raw/Pictures for AI\Site 118\Probable (two left trees, decay and frass, partial failure on far left tree).JPG
probable-12.jpg,../../data/raw/Pictures for AI\Site 124\Tree ID 2 - Probable.jpg
probable-13.jpg,../../data/raw/Pictures for AI\Site 14\14 - Probable(butt rot on crack opposite lean, previously failed overhang with signs of rot and insect damage in heartwood).JPG
probable-14.jpg,../../data/raw/Pictures for AI\Site 14\3 - Probable(previously topped, weak attachments).JPG
probable-15.jpg,../../data/raw/Pictures for AI\Site 14\4 - Probable(standing dead).JPG
probable-16.jpg,../../data/raw/Pictures for AI\Site 14\5, 6 - Probable(2 standing dead trees).JPG
probable-17.jpg,../../data/raw/Pictures for AI\Site 14\8 - Probable(weak sucker attachments at topping cuts).JPG
probable-18.jpg,../../data/raw/Pictures for AI\Site 144\Probable (dead wood, dieback).jpg
probable-19.jpg,../../data/raw/Pictures for AI\Site 148\probable (deadwood, weak attachments, decay).JPG
probable-20.jpg,../../data/raw/Pictures for AI\Site 151\Tree ID 4 - Probable.jpg
probable-21.jpg,../../data/raw/Pictures for AI\Site 151\Tree ID 5 - Probable.jpg
probable-22.jpg,../../data/raw/Pictures for AI\Site 155\Probable (deadwood, previous failures, red maple on right).JPG
probable-23.jpg,../../data/raw/Pictures for AI\Site 161\Probable (dead overhangs, decay).JPG
probable-24.jpg,../../data/raw/Pictures for AI\Site 162\Probable (large crack from base, deadwood).JPG
probable-25.jpg,../../data/raw/Pictures for AI\Site 175\Tree ID 1 - Probable.jpg
probable-26.jpg,../../data/raw/Pictures for AI\Site 175\Tree ID 2- Probable.jpg
probable-27.jpg,../../data/raw/Pictures for AI\Site 175\Tree ID 3 - Probable.jpg
probable-28.jpg,../../data/raw/Pictures for AI\Site 175\Tree ID 6 - Probable.jpg
probable-29.jpg,../../data/raw/Pictures for AI\Site 178\Probable (dead hanging limb).JPG
probable-30.jpg,../../data/raw/Pictures for AI\Site 179\1 - Probable (heavy insect damage at base, frass, heavy lean towards defect).JPG
probable-31.jpg,../../data/raw/Pictures for AI\Site 179\12 - Probable (crabapple, mostly dead, vine strangled).JPG
probable-32.jpg,../../data/raw/Pictures for AI\Site 179\2 - Probable (standing dead).JPG
probable-33.jpg,../../data/raw/Pictures for AI\Site 188\Tree ID 4 - Probable.jpg
probable-34.jpg,../../data/raw/Pictures for AI\Site 2\Probable (Quercus coccinea, dead overhang at aprox 50 ft).JPG
probable-35.jpg,../../data/raw/Pictures for AI\Site 20\1 - Probable (decay on low crotch, included bark).JPG
probable-36.jpg,../../data/raw/Pictures for AI\Site 207\2 - probable (previous failures, severe trunk decay).JPG
probable-37.jpg,../../data/raw/Pictures for AI\Site 23\Probable (dead overhang).JPG
probable-38.jpg,../../data/raw/Pictures for AI\Site 25\Probable(butt rot, large dead limbs).JPG
probable-39.jpg,../../data/raw/Pictures for AI\Site 29\Probable (deadwood above line height, vine covered).JPG
probable-40.jpg,../../data/raw/Pictures for AI\Site 29\Probable (deadwood above line hieght, vine).JPG
probable-41.jpg,../../data/raw/Pictures for AI\Site 4\Probable(significant deadwood and decay).JPG
probable-42.jpg,../../data/raw/Pictures for AI\Site 41\(small right tree has crack all the way thru 4ft, probable) (lg left tree possible, steep attachment).JPG
probable-43.jpg,../../data/raw/Pictures for AI\Site 41\Probable (dead overhangs).JPG
probable-44.jpg,../../data/raw/Pictures for AI\Site 42\Probable (standing dead).JPG
probable-45.jpg,../../data/raw/Pictures for AI\Site 48\Probable (dead overhang).JPG
probable-46.jpg,../../data/raw/Pictures for AI\Site 53\Probable (decay, poor attachment angle, included bark).JPG
probable-47.jpg,../../data/raw/Pictures for AI\Site 54\Probable(vertical crack rear side of trunk, weak attachments).JPG
probable-48.jpg,../../data/raw/Pictures for AI\Site 59\2- probable (dead limbs, previous failure).JPG
probable-49.jpg,../../data/raw/Pictures for AI\Site 61\Probable (cracks, decay, fruiting bodies back side).JPG
probable-50.jpg,../../data/raw/Pictures for AI\Site 70\Probable (large wound on trunk, loose bark, dieback, decay).JPG
probable-51.jpg,../../data/raw/Pictures for AI\Site 75\Probable (significant dieback, decay, defects line side of tree).JPG
probable-52.jpg,../../data/raw/Pictures for AI\Site 76\Probable (dead overhang).JPG
probable-53.jpg,../../data/raw/Pictures for AI\Site 8\Probable (dead top).JPG
probable-54.jpg,../../data/raw/Pictures for AI\Site 8\Probable (dead, previously failed overhaing).JPG
probable-55.jpg,../../data/raw/Pictures for AI\Site 82\Probable.JPG
probable-56.jpg,../../data/raw/Pictures for AI\Site 88\Probable_Lower limb failure.JPG
probable-57.jpg,../../data/raw/Summer 2021 AI Photos\Amanda\Near power lines\15_probable_crack.jpg
probable-58.jpg,../../data/raw/Summer 2021 AI Photos\Amanda\Near power lines\21_probable.jpg
probable-59.jpg,../../data/raw/Summer 2021 AI Photos\Amanda\Near power lines\37_probable_dead_branch.jpg
probable-60.jpg,../../data/raw/Summer 2021 AI Photos\Amanda\Near power lines\39_probable_dead.jpg
probable-61.jpg,../../data/raw/Summer 2021 AI Photos\Amanda\Near power lines\40_probable_decay.jpg
probable-62.jpg,../../data/raw/Summer 2021 AI Photos\Ari\Near power lines\1 - Probable.jpg
probable-63.jpg,../../data/raw/Summer 2021 AI Photos\Ari\Near power lines\10 - Probable - dead branches closeup.jpg
probable-64.jpg,../../data/raw/Summer 2021 AI Photos\Ari\Near power lines\2 - Probable - codominant stem closeup.jpg
probable-65.jpg,../../data/raw/Summer 2021 AI Photos\Ari\Near power lines\35 - Probable.jpg
probable-66.jpg,../../data/raw/Summer 2021 AI Photos\Ari\Near power lines\6 - Probable - crack in codominant stem closeup.jpg
probable-67.jpg,../../data/raw/Summer 2021 AI Photos\Ari\Near power lines\60 - Probable - close up, dead branch.jpg
probable-68.jpg,../../data/raw/Summer 2021 AI Photos\Ari\Near power lines\61 - Probable - close up, dead branch.jpg
probable-69.jpg,../../data/raw/Summer 2021 AI Photos\Ryan\Near power lines\101-probable significant deadwood and decay.jpg
probable-70.jpg,../../data/raw/Summer 2021 AI Photos\Ryan\Near power lines\102-probable deadwood closeup.jpg
probable-71.jpg,../../data/raw/Summer 2021 AI Photos\Ryan\Near power lines\21-probable dead cracked branch.jpg
probable-72.jpg,../../data/raw/Summer 2021 AI Photos\Ryan\Near power lines\22-probable previous failure and dead branches.jpg
probable-73.jpg,../../data/raw/Summer 2021 AI Photos\Ryan\Near power lines\32-probable large cavities dead limbs.jpg
probable-74.jpg,../../data/raw/Summer 2021 AI Photos\Ryan\Near power lines\34-probable large previous failure wound.jpg
probable-75.jpg,../../data/raw/Summer 2021 AI Photos\Ryan\Near power lines\4-probable.jpg
probable-76.jpg,../../data/raw/Summer 2021 AI Photos\Ryan\Near power lines\91-probable-large dead sections and basal wound with loose bark.jpg
