labeled_image,original_file_path
improbable-0.jpg,../../data/raw/Pictures for AI\Site 1\Improbable 2.JPG
improbable-1.jpg,../../data/raw/Pictures for AI\Site 1\Improbable 3.JPG
improbable-2.jpg,../../data/raw/Pictures for AI\Site 1\Improbable 4.JPG
improbable-3.jpg,../../data/raw/Pictures for AI\Site 1\Improbable 5.JPG
improbable-4.jpg,../../data/raw/Pictures for AI\Site 1\Improbable 6.JPG
improbable-5.jpg,../../data/raw/Pictures for AI\Site 1\Improbable.JPG
improbable-6.jpg,../../data/raw/Pictures for AI\Site 10\Improbable (2).JPG
improbable-7.jpg,../../data/raw/Pictures for AI\Site 10\Improbable (3).JPG
improbable-8.jpg,../../data/raw/Pictures for AI\Site 10\Improbable (4).JPG
improbable-9.jpg,../../data/raw/Pictures for AI\Site 10\Improbable.JPG
improbable-10.jpg,../../data/raw/Pictures for AI\Site 104\Improbable (2).JPG
improbable-11.jpg,../../data/raw/Pictures for AI\Site 104\Improbable.JPG
improbable-12.jpg,../../data/raw/Pictures for AI\Site 108\Tree ID 14 - Improbable.jpg
improbable-13.jpg,../../data/raw/Pictures for AI\Site 11\Improbable (2).JPG
improbable-14.jpg,../../data/raw/Pictures for AI\Site 11\Improbable (3).JPG
improbable-15.jpg,../../data/raw/Pictures for AI\Site 11\Improbable (4).JPG
improbable-16.jpg,../../data/raw/Pictures for AI\Site 11\Improbable.JPG
improbable-17.jpg,../../data/raw/Pictures for AI\Site 112\Improbable.JPG
improbable-18.jpg,../../data/raw/Pictures for AI\Site 113\1 - Improbable.JPG
improbable-19.jpg,../../data/raw/Pictures for AI\Site 113\10 - Improbable.JPG
improbable-20.jpg,../../data/raw/Pictures for AI\Site 113\11 - Improbable.JPG
improbable-21.jpg,../../data/raw/Pictures for AI\Site 113\12 - Improbable.JPG
improbable-22.jpg,../../data/raw/Pictures for AI\Site 113\13 - Improbable.JPG
improbable-23.jpg,../../data/raw/Pictures for AI\Site 113\14 - Improbable.JPG
improbable-24.jpg,../../data/raw/Pictures for AI\Site 113\15 - Improbable.JPG
improbable-25.jpg,../../data/raw/Pictures for AI\Site 113\2 - Improbable.JPG
improbable-26.jpg,../../data/raw/Pictures for AI\Site 113\3 - Improbable.JPG
improbable-27.jpg,../../data/raw/Pictures for AI\Site 113\4 - Improbable.JPG
improbable-28.jpg,../../data/raw/Pictures for AI\Site 113\5 - Improbable.JPG
improbable-29.jpg,../../data/raw/Pictures for AI\Site 113\6 - Improbable.JPG
improbable-30.jpg,../../data/raw/Pictures for AI\Site 113\7 - Improbable.JPG
improbable-31.jpg,../../data/raw/Pictures for AI\Site 113\8 - Improbable.JPG
improbable-32.jpg,../../data/raw/Pictures for AI\Site 113\9 - Improbable.JPG
improbable-33.jpg,../../data/raw/Pictures for AI\Site 118\Improbable (2).JPG
improbable-34.jpg,../../data/raw/Pictures for AI\Site 118\Improbable (3).JPG
improbable-35.jpg,../../data/raw/Pictures for AI\Site 118\Improbable.JPG
improbable-36.jpg,../../data/raw/Pictures for AI\Site 122\Tree ID 1 - Improbable.jpg
improbable-37.jpg,../../data/raw/Pictures for AI\Site 122\Tree ID 2 - Improbable.jpg
improbable-38.jpg,../../data/raw/Pictures for AI\Site 124\Tree ID 1 - Improbable.jpg
improbable-39.jpg,../../data/raw/Pictures for AI\Site 128\Improbable (magnolia, short tree).JPG
improbable-40.jpg,../../data/raw/Pictures for AI\Site 128\Improbable.JPG
improbable-41.jpg,../../data/raw/Pictures for AI\Site 13\Improbable.JPG
improbable-42.jpg,../../data/raw/Pictures for AI\Site 131\Tree ID 1 - Improbable.jpg
improbable-43.jpg,../../data/raw/Pictures for AI\Site 131\Tree ID 2 - Improbable.jpg
improbable-44.jpg,../../data/raw/Pictures for AI\Site 131\Tree ID 3 - Improbable.jpg
improbable-45.jpg,../../data/raw/Pictures for AI\Site 131\Tree ID 4 - Improbable.jpg
improbable-46.jpg,../../data/raw/Pictures for AI\Site 131\Tree ID 5 - Improbable.jpg
improbable-47.jpg,../../data/raw/Pictures for AI\Site 132\Tree ID 1 - Improbable.jpg
improbable-48.jpg,../../data/raw/Pictures for AI\Site 132\Tree ID 2 - Improbable.jpg
improbable-49.jpg,../../data/raw/Pictures for AI\Site 132\Tree ID 3-8 - Improbable.jpg
improbable-50.jpg,../../data/raw/Pictures for AI\Site 138\Improbable.JPG
improbable-51.jpg,../../data/raw/Pictures for AI\Site 148\Improbable (2).JPG
improbable-52.jpg,../../data/raw/Pictures for AI\Site 148\Improbable (3).JPG
improbable-53.jpg,../../data/raw/Pictures for AI\Site 148\Improbable.JPG
improbable-54.jpg,../../data/raw/Pictures for AI\Site 149\Improbable (2).JPG
improbable-55.jpg,../../data/raw/Pictures for AI\Site 149\Improbable (3).JPG
improbable-56.jpg,../../data/raw/Pictures for AI\Site 149\Improbable (4).JPG
improbable-57.jpg,../../data/raw/Pictures for AI\Site 149\Improbable (5).JPG
improbable-58.jpg,../../data/raw/Pictures for AI\Site 149\Improbable.JPG
improbable-59.jpg,../../data/raw/Pictures for AI\Site 15\Improbable (2).JPG
improbable-60.jpg,../../data/raw/Pictures for AI\Site 15\Improbable (3).JPG
improbable-61.jpg,../../data/raw/Pictures for AI\Site 15\Improbable (4).JPG
improbable-62.jpg,../../data/raw/Pictures for AI\Site 15\Improbable (5).JPG
improbable-63.jpg,../../data/raw/Pictures for AI\Site 15\Improbable.JPG
improbable-64.jpg,../../data/raw/Pictures for AI\Site 150\Improbable (2).JPG
improbable-65.jpg,../../data/raw/Pictures for AI\Site 150\Improbable.JPG
improbable-66.jpg,../../data/raw/Pictures for AI\Site 151\Tree ID 2 - Improbable.jpg
improbable-67.jpg,../../data/raw/Pictures for AI\Site 151\Tree ID 3 - Improbable.jpg
improbable-68.jpg,../../data/raw/Pictures for AI\Site 151\Tree ID 6 - Improbable.jpg
improbable-69.jpg,../../data/raw/Pictures for AI\Site 152\Improbable (atlas cedar).JPG
improbable-70.jpg,../../data/raw/Pictures for AI\Site 152\Improbable (maple).JPG
improbable-71.jpg,../../data/raw/Pictures for AI\Site 152\Improbable (weeping cherry).JPG
improbable-72.jpg,../../data/raw/Pictures for AI\Site 152\Improbable.JPG
improbable-73.jpg,../../data/raw/Pictures for AI\Site 153\Tree ID 1 - Improbable.jpg
improbable-74.jpg,../../data/raw/Pictures for AI\Site 153\Tree ID 2 - Improbable.jpg
improbable-75.jpg,../../data/raw/Pictures for AI\Site 154\Improbable (2).JPG
improbable-76.jpg,../../data/raw/Pictures for AI\Site 154\Improbable.JPG
improbable-77.jpg,../../data/raw/Pictures for AI\Site 155\Improbable (red oak).JPG
improbable-78.jpg,../../data/raw/Pictures for AI\Site 155\Improbable (umbrella pine).JPG
improbable-79.jpg,../../data/raw/Pictures for AI\Site 155\Improbable.JPG
improbable-80.jpg,../../data/raw/Pictures for AI\Site 158\Improbable (2).JPG
improbable-81.jpg,../../data/raw/Pictures for AI\Site 158\Improbable.JPG
improbable-82.jpg,../../data/raw/Pictures for AI\Site 159\Tree ID 1 - Improbable.jpg
improbable-83.jpg,../../data/raw/Pictures for AI\Site 159\Tree ID 3 - Improbable.jpg
improbable-84.jpg,../../data/raw/Pictures for AI\Site 16\Improbable.JPG
improbable-85.jpg,../../data/raw/Pictures for AI\Site 160\Tree ID 1 - Improbable.jpg
improbable-86.jpg,../../data/raw/Pictures for AI\Site 160\Tree ID 2 - Improbable.jpg
improbable-87.jpg,../../data/raw/Pictures for AI\Site 160\Tree ID 3 - Improbable.jpg
improbable-88.jpg,../../data/raw/Pictures for AI\Site 160\Tree ID 4 - Improbable.jpg
improbable-89.jpg,../../data/raw/Pictures for AI\Site 161\Improbable (2).JPG
improbable-90.jpg,../../data/raw/Pictures for AI\Site 161\Improbable (3).JPG
improbable-91.jpg,../../data/raw/Pictures for AI\Site 161\Improbable.JPG
improbable-92.jpg,../../data/raw/Pictures for AI\Site 162\Improbable (2).JPG
improbable-93.jpg,../../data/raw/Pictures for AI\Site 162\Improbable.JPG
improbable-94.jpg,../../data/raw/Pictures for AI\Site 163\Improbable (2).JPG
improbable-95.jpg,../../data/raw/Pictures for AI\Site 163\Improbable (3).JPG
improbable-96.jpg,../../data/raw/Pictures for AI\Site 163\Improbable.JPG
improbable-97.jpg,../../data/raw/Pictures for AI\Site 167\Improbable (2).JPG
improbable-98.jpg,../../data/raw/Pictures for AI\Site 167\Improbable (3).JPG
improbable-99.jpg,../../data/raw/Pictures for AI\Site 167\Improbable (4).JPG
improbable-100.jpg,../../data/raw/Pictures for AI\Site 167\Improbable (5).JPG
improbable-101.jpg,../../data/raw/Pictures for AI\Site 167\Improbable (6).JPG
improbable-102.jpg,../../data/raw/Pictures for AI\Site 167\Improbable.JPG
improbable-103.jpg,../../data/raw/Pictures for AI\Site 168\1 - improbable.JPG
improbable-104.jpg,../../data/raw/Pictures for AI\Site 168\3 - improbable.JPG
improbable-105.jpg,../../data/raw/Pictures for AI\Site 17\Improbable (birch).JPG
improbable-106.jpg,../../data/raw/Pictures for AI\Site 171\Tree ID 1 - Improbable.jpg
improbable-107.jpg,../../data/raw/Pictures for AI\Site 171\Tree ID 2 - Improbable.jpg
improbable-108.jpg,../../data/raw/Pictures for AI\Site 171\Tree ID 3 - Improbable.jpg
improbable-109.jpg,../../data/raw/Pictures for AI\Site 171\Tree ID 4 - Improbable.jpg
improbable-110.jpg,../../data/raw/Pictures for AI\Site 171\Tree ID 6 - Improbable.jpg
improbable-111.jpg,../../data/raw/Pictures for AI\Site 171\Tree ID 7 - Improbable.jpg
improbable-112.jpg,../../data/raw/Pictures for AI\Site 171\Tree ID 8 - Improbable.jpg
improbable-113.jpg,../../data/raw/Pictures for AI\Site 173\Tree ID 1 - Improbable.jpg
improbable-114.jpg,../../data/raw/Pictures for AI\Site 173\Tree ID 2 - Improbable.jpg
improbable-115.jpg,../../data/raw/Pictures for AI\Site 175\Tree ID 7 - Improbable.jpg
improbable-116.jpg,../../data/raw/Pictures for AI\Site 176\Improbable (beech).jpg
improbable-117.jpg,../../data/raw/Pictures for AI\Site 176\Improbable (hemlock 2).jpg
improbable-118.jpg,../../data/raw/Pictures for AI\Site 176\Improbable (hemlock).jpg
improbable-119.jpg,../../data/raw/Pictures for AI\Site 176\Improbable.jpg
improbable-120.jpg,../../data/raw/Pictures for AI\Site 178\Improbable (2).JPG
improbable-121.jpg,../../data/raw/Pictures for AI\Site 178\Improbable (3).JPG
improbable-122.jpg,../../data/raw/Pictures for AI\Site 178\Improbable.JPG
improbable-123.jpg,../../data/raw/Pictures for AI\Site 179\10 - Improbable.JPG
improbable-124.jpg,../../data/raw/Pictures for AI\Site 179\3 - Improbable.JPG
improbable-125.jpg,../../data/raw/Pictures for AI\Site 179\4 - Improbable.JPG
improbable-126.jpg,../../data/raw/Pictures for AI\Site 179\5 - Improbable.JPG
improbable-127.jpg,../../data/raw/Pictures for AI\Site 179\6 - Improbable.JPG
improbable-128.jpg,../../data/raw/Pictures for AI\Site 179\7 - Improbable.JPG
improbable-129.jpg,../../data/raw/Pictures for AI\Site 179\9 - Improbable (crabapple).JPG
improbable-130.jpg,../../data/raw/Pictures for AI\Site 182\Improbable (2).JPG
improbable-131.jpg,../../data/raw/Pictures for AI\Site 182\Improbable (3).JPG
improbable-132.jpg,../../data/raw/Pictures for AI\Site 182\Improbable (4).JPG
improbable-133.jpg,../../data/raw/Pictures for AI\Site 182\Improbable (5).JPG
improbable-134.jpg,../../data/raw/Pictures for AI\Site 182\Improbable (6).JPG
improbable-135.jpg,../../data/raw/Pictures for AI\Site 182\Improbable (touching primary lines).JPG
improbable-136.jpg,../../data/raw/Pictures for AI\Site 182\Improbable.JPG
improbable-137.jpg,../../data/raw/Pictures for AI\Site 186\Tree ID 1 - Improbable.jpg
improbable-138.jpg,../../data/raw/Pictures for AI\Site 186\Tree ID 2 - Improbable.jpg
improbable-139.jpg,../../data/raw/Pictures for AI\Site 187\Tree ID 1 - Improbable.jpg
improbable-140.jpg,../../data/raw/Pictures for AI\Site 188\Tree ID 1 - Improbable.jpg
improbable-141.jpg,../../data/raw/Pictures for AI\Site 188\Tree ID 2 - Improbable.jpg
improbable-142.jpg,../../data/raw/Pictures for AI\Site 2\Improbable (2).JPG
improbable-143.jpg,../../data/raw/Pictures for AI\Site 2\Improbable (pinus strobus), Possible (topped populus deltoides), improbable (pinus strobus).JPG
improbable-144.jpg,../../data/raw/Pictures for AI\Site 2\Improbable.JPG
improbable-145.jpg,../../data/raw/Pictures for AI\Site 20\11, 12, 13, 14 - Improbable (all eastern red cedar 4 trees).JPG
improbable-146.jpg,../../data/raw/Pictures for AI\Site 20\13, 14 - Improbable (all eastern red cedar 2 trees).JPG
improbable-147.jpg,../../data/raw/Pictures for AI\Site 20\2 - Improbable.JPG
improbable-148.jpg,../../data/raw/Pictures for AI\Site 20\5 - Improbable (eastern red cedar).JPG
improbable-149.jpg,../../data/raw/Pictures for AI\Site 20\6 - Improbable (eastern red cedar 2).JPG
improbable-150.jpg,../../data/raw/Pictures for AI\Site 20\7 - Improbable (black cherry).JPG
improbable-151.jpg,../../data/raw/Pictures for AI\Site 20\9, 10, 11, 12, 13, 14 - Improbable (all eastern red cedar 6 trees, numbered right to left).JPG
improbable-152.jpg,../../data/raw/Pictures for AI\Site 202\improbable-1.JPG
improbable-153.jpg,../../data/raw/Pictures for AI\Site 202\improbable-10.JPG
improbable-154.jpg,../../data/raw/Pictures for AI\Site 202\improbable-11.JPG
improbable-155.jpg,../../data/raw/Pictures for AI\Site 202\improbable-2.JPG
improbable-156.jpg,../../data/raw/Pictures for AI\Site 202\improbable-3.JPG
improbable-157.jpg,../../data/raw/Pictures for AI\Site 202\improbable-4.JPG
improbable-158.jpg,../../data/raw/Pictures for AI\Site 202\improbable-5.JPG
improbable-159.jpg,../../data/raw/Pictures for AI\Site 202\improbable-6.JPG
improbable-160.jpg,../../data/raw/Pictures for AI\Site 202\improbable-7.JPG
improbable-161.jpg,../../data/raw/Pictures for AI\Site 202\improbable-8.JPG
improbable-162.jpg,../../data/raw/Pictures for AI\Site 202\improbable-9.JPG
improbable-163.jpg,../../data/raw/Pictures for AI\Site 203\1 - improbable.JPG
improbable-164.jpg,../../data/raw/Pictures for AI\Site 203\2 - improbable.JPG
improbable-165.jpg,../../data/raw/Pictures for AI\Site 203\3 - improbable.JPG
improbable-166.jpg,../../data/raw/Pictures for AI\Site 203\4 - improbable.JPG
improbable-167.jpg,../../data/raw/Pictures for AI\Site 205\1 - improbable.JPG
improbable-168.jpg,../../data/raw/Pictures for AI\Site 205\3 - Improbable.JPG
improbable-169.jpg,../../data/raw/Pictures for AI\Site 205\4 - improbable.JPG
improbable-170.jpg,../../data/raw/Pictures for AI\Site 205\5 - improbable.JPG
improbable-171.jpg,../../data/raw/Pictures for AI\Site 205\6 - improbable.JPG
improbable-172.jpg,../../data/raw/Pictures for AI\Site 205\7 - improbable.JPG
improbable-173.jpg,../../data/raw/Pictures for AI\Site 209\1 - improbable.JPG
improbable-174.jpg,../../data/raw/Pictures for AI\Site 209\2 - improbable.JPG
improbable-175.jpg,../../data/raw/Pictures for AI\Site 209\3 - improbable.JPG
improbable-176.jpg,../../data/raw/Pictures for AI\Site 209\4 - improbable.JPG
improbable-177.jpg,../../data/raw/Pictures for AI\Site 213\Improbable (2).JPG
improbable-178.jpg,../../data/raw/Pictures for AI\Site 213\Improbable (3).JPG
improbable-179.jpg,../../data/raw/Pictures for AI\Site 213\Improbable (tree in front of pole).JPG
improbable-180.jpg,../../data/raw/Pictures for AI\Site 213\Improbable.JPG
improbable-181.jpg,../../data/raw/Pictures for AI\Site 214\Improbable.JPG
improbable-182.jpg,../../data/raw/Pictures for AI\Site 22\Improbable (2).JPG
improbable-183.jpg,../../data/raw/Pictures for AI\Site 22\Improbable (3).JPG
improbable-184.jpg,../../data/raw/Pictures for AI\Site 22\Improbable (4).JPG
improbable-185.jpg,../../data/raw/Pictures for AI\Site 22\Improbable.JPG
improbable-186.jpg,../../data/raw/Pictures for AI\Site 23\Improbable.JPG
improbable-187.jpg,../../data/raw/Pictures for AI\Site 23\Improbable_2_london plane.JPG
improbable-188.jpg,../../data/raw/Pictures for AI\Site 23\Improbable_3_london plane.JPG
improbable-189.jpg,../../data/raw/Pictures for AI\Site 23\Improbable_4_london plane.JPG
improbable-190.jpg,../../data/raw/Pictures for AI\Site 23\Improbable_5_london plane.JPG
improbable-191.jpg,../../data/raw/Pictures for AI\Site 25\Improbable.JPG
improbable-192.jpg,../../data/raw/Pictures for AI\Site 25\Improbable_2.JPG
improbable-193.jpg,../../data/raw/Pictures for AI\Site 25\Improbable_3.JPG
improbable-194.jpg,../../data/raw/Pictures for AI\Site 28\Improbable (2).JPG
improbable-195.jpg,../../data/raw/Pictures for AI\Site 28\Improbable (3).JPG
improbable-196.jpg,../../data/raw/Pictures for AI\Site 28\Improbable (4).JPG
improbable-197.jpg,../../data/raw/Pictures for AI\Site 28\Improbable (5).JPG
improbable-198.jpg,../../data/raw/Pictures for AI\Site 28\Improbable (6).JPG
improbable-199.jpg,../../data/raw/Pictures for AI\Site 28\Improbable.JPG
improbable-200.jpg,../../data/raw/Pictures for AI\Site 29\Improbable (2).JPG
improbable-201.jpg,../../data/raw/Pictures for AI\Site 29\Improbable (3).JPG
improbable-202.jpg,../../data/raw/Pictures for AI\Site 29\Improbable (4).JPG
improbable-203.jpg,../../data/raw/Pictures for AI\Site 29\Improbable (5).JPG
improbable-204.jpg,../../data/raw/Pictures for AI\Site 29\Improbable.JPG
improbable-205.jpg,../../data/raw/Pictures for AI\Site 30\Improbable.jpg
improbable-206.jpg,../../data/raw/Pictures for AI\Site 31\Improbable (acer platanoides).JPG
improbable-207.jpg,../../data/raw/Pictures for AI\Site 31\Improbable (large acer platanoides crimson king).JPG
improbable-208.jpg,../../data/raw/Pictures for AI\Site 31\Improbable (small crimson king acer platanoides).JPG
improbable-209.jpg,../../data/raw/Pictures for AI\Site 31\Improbable.JPG
improbable-210.jpg,../../data/raw/Pictures for AI\Site 34\Improbable (large scarlet oak).JPG
improbable-211.jpg,../../data/raw/Pictures for AI\Site 34\Improbable (scarlet oak).JPG
improbable-212.jpg,../../data/raw/Pictures for AI\Site 34\Improbable (topped eastern white pine).JPG
improbable-213.jpg,../../data/raw/Pictures for AI\Site 40\Improbable (2).JPG
improbable-214.jpg,../../data/raw/Pictures for AI\Site 40\Improbable (3).JPG
improbable-215.jpg,../../data/raw/Pictures for AI\Site 40\Improbable (4).JPG
improbable-216.jpg,../../data/raw/Pictures for AI\Site 40\Improbable (5).JPG
improbable-217.jpg,../../data/raw/Pictures for AI\Site 40\Improbable.JPG
improbable-218.jpg,../../data/raw/Pictures for AI\Site 42\Improbable.JPG
improbable-219.jpg,../../data/raw/Pictures for AI\Site 43\Improbable (2).JPG
improbable-220.jpg,../../data/raw/Pictures for AI\Site 43\Improbable.JPG
improbable-221.jpg,../../data/raw/Pictures for AI\Site 44\improbable-1.JPG
improbable-222.jpg,../../data/raw/Pictures for AI\Site 46\1- Improbable.JPG
improbable-223.jpg,../../data/raw/Pictures for AI\Site 46\2 - Improbable.JPG
improbable-224.jpg,../../data/raw/Pictures for AI\Site 46\3 - Improbable.JPG
improbable-225.jpg,../../data/raw/Pictures for AI\Site 46\4 - Improbable.JPG
improbable-226.jpg,../../data/raw/Pictures for AI\Site 46\5 - Improbable.JPG
improbable-227.jpg,../../data/raw/Pictures for AI\Site 46\6 - Improbable.JPG
improbable-228.jpg,../../data/raw/Pictures for AI\Site 46\7 - Improbable.JPG
improbable-229.jpg,../../data/raw/Pictures for AI\Site 47\Improbable.JPG
improbable-230.jpg,../../data/raw/Pictures for AI\Site 48\Improbable (2).JPG
improbable-231.jpg,../../data/raw/Pictures for AI\Site 48\Improbable (3).JPG
improbable-232.jpg,../../data/raw/Pictures for AI\Site 48\Improbable (4).JPG
improbable-233.jpg,../../data/raw/Pictures for AI\Site 48\Improbable.JPG
improbable-234.jpg,../../data/raw/Pictures for AI\Site 49\Improbable.JPG
improbable-235.jpg,../../data/raw/Pictures for AI\Site 51\Improbable (2).JPG
improbable-236.jpg,../../data/raw/Pictures for AI\Site 51\Improbable (3).JPG
improbable-237.jpg,../../data/raw/Pictures for AI\Site 51\Improbable (4).JPG
improbable-238.jpg,../../data/raw/Pictures for AI\Site 51\Improbable.JPG
improbable-239.jpg,../../data/raw/Pictures for AI\Site 52\Improbable (2).JPG
improbable-240.jpg,../../data/raw/Pictures for AI\Site 52\Improbable (3).JPG
improbable-241.jpg,../../data/raw/Pictures for AI\Site 52\Improbable (4).JPG
improbable-242.jpg,../../data/raw/Pictures for AI\Site 52\Improbable.JPG
improbable-243.jpg,../../data/raw/Pictures for AI\Site 53\Improbable (2).JPG
improbable-244.jpg,../../data/raw/Pictures for AI\Site 53\Improbable.JPG
improbable-245.jpg,../../data/raw/Pictures for AI\Site 54\Improbable (2).JPG
improbable-246.jpg,../../data/raw/Pictures for AI\Site 54\Improbable (3).JPG
improbable-247.jpg,../../data/raw/Pictures for AI\Site 54\Improbable.JPG
improbable-248.jpg,../../data/raw/Pictures for AI\Site 58\Improbable.JPG
improbable-249.jpg,../../data/raw/Pictures for AI\Site 59\1 - improbable.JPG
improbable-250.jpg,../../data/raw/Pictures for AI\Site 59\5 - improbable.JPG
improbable-251.jpg,../../data/raw/Pictures for AI\Site 59\6 - improbable.JPG
improbable-252.jpg,../../data/raw/Pictures for AI\Site 59\7 - improbable.JPG
improbable-253.jpg,../../data/raw/Pictures for AI\Site 6\Improbable_1.JPG
improbable-254.jpg,../../data/raw/Pictures for AI\Site 6\Improbable_2.JPG
improbable-255.jpg,../../data/raw/Pictures for AI\Site 6\Improbable_3.JPG
improbable-256.jpg,../../data/raw/Pictures for AI\Site 6\Improbable_4.JPG
improbable-257.jpg,../../data/raw/Pictures for AI\Site 6\Improbable_5.JPG
improbable-258.jpg,../../data/raw/Pictures for AI\Site 6\Improbable_6.JPG
improbable-259.jpg,../../data/raw/Pictures for AI\Site 6\Improbable_7.JPG
improbable-260.jpg,../../data/raw/Pictures for AI\Site 6\Improbable_8.JPG
improbable-261.jpg,../../data/raw/Pictures for AI\Site 60\Improbable (2).JPG
improbable-262.jpg,../../data/raw/Pictures for AI\Site 60\Improbable (3).JPG
improbable-263.jpg,../../data/raw/Pictures for AI\Site 60\Improbable (4).JPG
improbable-264.jpg,../../data/raw/Pictures for AI\Site 60\Improbable (5).JPG
improbable-265.jpg,../../data/raw/Pictures for AI\Site 60\Improbable.JPG
improbable-266.jpg,../../data/raw/Pictures for AI\Site 61\Improbable (2).JPG
improbable-267.jpg,../../data/raw/Pictures for AI\Site 61\Improbable (3).JPG
improbable-268.jpg,../../data/raw/Pictures for AI\Site 61\Improbable (liquidambar).JPG
improbable-269.jpg,../../data/raw/Pictures for AI\Site 61\improbable-1.JPG
improbable-270.jpg,../../data/raw/Pictures for AI\Site 61\Improbable.JPG
improbable-271.jpg,../../data/raw/Pictures for AI\Site 63\Improbable.JPG
improbable-272.jpg,../../data/raw/Pictures for AI\Site 65\Improbable (2).JPG
improbable-273.jpg,../../data/raw/Pictures for AI\Site 65\Improbable.JPG
improbable-274.jpg,../../data/raw/Pictures for AI\Site 66\Improbable (2).JPG
improbable-275.jpg,../../data/raw/Pictures for AI\Site 66\Improbable.JPG
improbable-276.jpg,../../data/raw/Pictures for AI\Site 67\Improbable 2.JPG
improbable-277.jpg,../../data/raw/Pictures for AI\Site 67\Improbable.JPG
improbable-278.jpg,../../data/raw/Pictures for AI\Site 7\Improbable (linden).JPG
improbable-279.jpg,../../data/raw/Pictures for AI\Site 7\Improbable (pear).JPG
improbable-280.jpg,../../data/raw/Pictures for AI\Site 7\Improbable.JPG
improbable-281.jpg,../../data/raw/Pictures for AI\Site 70\Improbable (2).JPG
improbable-282.jpg,../../data/raw/Pictures for AI\Site 70\Improbable (3).JPG
improbable-283.jpg,../../data/raw/Pictures for AI\Site 70\Improbable (4).JPG
improbable-284.jpg,../../data/raw/Pictures for AI\Site 70\Improbable (5).JPG
improbable-285.jpg,../../data/raw/Pictures for AI\Site 70\Improbable (6).JPG
improbable-286.jpg,../../data/raw/Pictures for AI\Site 70\Improbable.JPG
improbable-287.jpg,../../data/raw/Pictures for AI\Site 71\Improbable (2).JPG
improbable-288.jpg,../../data/raw/Pictures for AI\Site 71\Improbable.JPG
improbable-289.jpg,../../data/raw/Pictures for AI\Site 72\Improbable (2).JPG
improbable-290.jpg,../../data/raw/Pictures for AI\Site 72\Improbable (3).JPG
improbable-291.jpg,../../data/raw/Pictures for AI\Site 72\Improbable (4).JPG
improbable-292.jpg,../../data/raw/Pictures for AI\Site 72\Improbable (5).JPG
improbable-293.jpg,../../data/raw/Pictures for AI\Site 72\Improbable (6).JPG
improbable-294.jpg,../../data/raw/Pictures for AI\Site 72\Improbable.JPG
improbable-295.jpg,../../data/raw/Pictures for AI\Site 73\Improbable (2).JPG
improbable-296.jpg,../../data/raw/Pictures for AI\Site 73\Improbable.JPG
improbable-297.jpg,../../data/raw/Pictures for AI\Site 74\Improbable.JPG
improbable-298.jpg,../../data/raw/Pictures for AI\Site 75\Improbable.JPG
improbable-299.jpg,../../data/raw/Pictures for AI\Site 76\Improbable (2).JPG
improbable-300.jpg,../../data/raw/Pictures for AI\Site 76\Improbable (3).JPG
improbable-301.jpg,../../data/raw/Pictures for AI\Site 76\Improbable.JPG
improbable-302.jpg,../../data/raw/Pictures for AI\Site 77\Improbable.jpg
improbable-303.jpg,../../data/raw/Pictures for AI\Site 79\Improbable.JPG
improbable-304.jpg,../../data/raw/Pictures for AI\Site 8\Improbable (2).JPG
improbable-305.jpg,../../data/raw/Pictures for AI\Site 8\Improbable.JPG
improbable-306.jpg,../../data/raw/Pictures for AI\Site 81\Improbable (2).JPG
improbable-307.jpg,../../data/raw/Pictures for AI\Site 81\Improbable (3).JPG
improbable-308.jpg,../../data/raw/Pictures for AI\Site 81\Improbable.JPG
improbable-309.jpg,../../data/raw/Pictures for AI\Site 82\Improbable (2).JPG
improbable-310.jpg,../../data/raw/Pictures for AI\Site 82\Improbable.JPG
improbable-311.jpg,../../data/raw/Pictures for AI\Site 83\Improbable.JPG
improbable-312.jpg,../../data/raw/Pictures for AI\Site 84\Improbable (2).JPG
improbable-313.jpg,../../data/raw/Pictures for AI\Site 84\Improbable (3).JPG
improbable-314.jpg,../../data/raw/Pictures for AI\Site 84\Improbable.JPG
improbable-315.jpg,../../data/raw/Pictures for AI\Site 88\Improbable.JPG
improbable-316.jpg,../../data/raw/Pictures for AI\Site 88\Improbable_2.JPG
improbable-317.jpg,../../data/raw/Pictures for AI\Site 9\Improbable (2).JPG
improbable-318.jpg,../../data/raw/Pictures for AI\Site 9\Improbable (3).JPG
improbable-319.jpg,../../data/raw/Pictures for AI\Site 9\Improbable (4).JPG
improbable-320.jpg,../../data/raw/Pictures for AI\Site 9\Improbable.JPG
improbable-321.jpg,../../data/raw/Pictures for AI\Site 90\Improbable (2).JPG
improbable-322.jpg,../../data/raw/Pictures for AI\Site 90\Improbable.JPG
improbable-323.jpg,../../data/raw/Pictures for AI\Site 95\Improbable (2).JPG
improbable-324.jpg,../../data/raw/Pictures for AI\Site 95\Improbable.JPG
improbable-325.jpg,../../data/raw/Pictures for AI\Site 96\Improbable.JPG
improbable-326.jpg,../../data/raw/Pictures for AI\Site 97\Improbable (2).JPG
improbable-327.jpg,../../data/raw/Pictures for AI\Site 97\Improbable (3).JPG
improbable-328.jpg,../../data/raw/Pictures for AI\Site 97\Improbable (4).JPG
improbable-329.jpg,../../data/raw/Pictures for AI\Site 97\Improbable (5).JPG
improbable-330.jpg,../../data/raw/Pictures for AI\Site 97\Improbable.JPG
improbable-331.jpg,../../data/raw/Pictures for AI\Site 98\Improbable (2).JPG
improbable-332.jpg,../../data/raw/Pictures for AI\Site 98\Improbable (3).JPG
improbable-333.jpg,../../data/raw/Pictures for AI\Site 98\Improbable (4).JPG
improbable-334.jpg,../../data/raw/Pictures for AI\Site 98\Improbable.JPG
improbable-335.jpg,../../data/raw/Summer 2021 AI Photos\Amanda\Near power lines\17_improbable.jpg
improbable-336.jpg,../../data/raw/Summer 2021 AI Photos\Amanda\Near power lines\19_improbable.jpg
improbable-337.jpg,../../data/raw/Summer 2021 AI Photos\Amanda\Near power lines\2_improbable.jpg
improbable-338.jpg,../../data/raw/Summer 2021 AI Photos\Amanda\Near power lines\30_improbable.jpg
improbable-339.jpg,../../data/raw/Summer 2021 AI Photos\Amanda\Near power lines\31_improbable.jpg
improbable-340.jpg,../../data/raw/Summer 2021 AI Photos\Amanda\Near power lines\33_improbable_because_limited_visual.jpg
improbable-341.jpg,../../data/raw/Summer 2021 AI Photos\Amanda\Near power lines\36_improbable.jpg
improbable-342.jpg,../../data/raw/Summer 2021 AI Photos\Amanda\Near power lines\38_improbable.jpg
improbable-343.jpg,../../data/raw/Summer 2021 AI Photos\Ari\Near power lines\11 - improbable.jpg
improbable-344.jpg,../../data/raw/Summer 2021 AI Photos\Ari\Near power lines\12 - improbable - reaction wood around codominant stem.jpg
improbable-345.jpg,../../data/raw/Summer 2021 AI Photos\Ari\Near power lines\13 - improbable - branch union closeup.jpg
improbable-346.jpg,../../data/raw/Summer 2021 AI Photos\Ari\Near power lines\14 - Improbable.jpg
improbable-347.jpg,../../data/raw/Summer 2021 AI Photos\Ari\Near power lines\15 - Improbable.jpg
improbable-348.jpg,../../data/raw/Summer 2021 AI Photos\Ari\Near power lines\16 - Improbable.jpg
improbable-349.jpg,../../data/raw/Summer 2021 AI Photos\Ari\Near power lines\18 - Improbable.jpg
improbable-350.jpg,../../data/raw/Summer 2021 AI Photos\Ari\Near power lines\19 - Improbable.jpg
improbable-351.jpg,../../data/raw/Summer 2021 AI Photos\Ari\Near power lines\20 - Improbable.jpg
improbable-352.jpg,../../data/raw/Summer 2021 AI Photos\Ari\Near power lines\21 - improbable.jpg
improbable-353.jpg,../../data/raw/Summer 2021 AI Photos\Ari\Near power lines\22- Improbable.jpg
improbable-354.jpg,../../data/raw/Summer 2021 AI Photos\Ari\Near power lines\23 - Improbable.jpg
improbable-355.jpg,../../data/raw/Summer 2021 AI Photos\Ari\Near power lines\26 - Improbable.jpg
improbable-356.jpg,../../data/raw/Summer 2021 AI Photos\Ari\Near power lines\29 - Improbable.jpg
improbable-357.jpg,../../data/raw/Summer 2021 AI Photos\Ari\Near power lines\3 - Improbable.jpg
improbable-358.jpg,../../data/raw/Summer 2021 AI Photos\Ari\Near power lines\30 - Improbable.jpg
improbable-359.jpg,../../data/raw/Summer 2021 AI Photos\Ari\Near power lines\32 - Improbable.jpg
improbable-360.jpg,../../data/raw/Summer 2021 AI Photos\Ari\Near power lines\33 - Improbable.jpg
improbable-361.jpg,../../data/raw/Summer 2021 AI Photos\Ari\Near power lines\34 - Improbable.jpg
improbable-362.jpg,../../data/raw/Summer 2021 AI Photos\Ari\Near power lines\36 - Improbable.jpg
improbable-363.jpg,../../data/raw/Summer 2021 AI Photos\Ari\Near power lines\37 - Improbable.jpg
improbable-364.jpg,../../data/raw/Summer 2021 AI Photos\Ari\Near power lines\38 - Improbable.jpg
improbable-365.jpg,../../data/raw/Summer 2021 AI Photos\Ari\Near power lines\4 - Improbable.jpg
improbable-366.jpg,../../data/raw/Summer 2021 AI Photos\Ari\Near power lines\40 - Improbable.jpg
improbable-367.jpg,../../data/raw/Summer 2021 AI Photos\Ari\Near power lines\42 - Improbable.jpg
improbable-368.jpg,../../data/raw/Summer 2021 AI Photos\Ari\Near power lines\43 - Improbable.jpg
improbable-369.jpg,../../data/raw/Summer 2021 AI Photos\Ari\Near power lines\44 - Improbable.jpg
improbable-370.jpg,../../data/raw/Summer 2021 AI Photos\Ari\Near power lines\46 - Improbable.jpg
improbable-371.jpg,../../data/raw/Summer 2021 AI Photos\Ari\Near power lines\47 - Improbable.jpg
improbable-372.jpg,../../data/raw/Summer 2021 AI Photos\Ari\Near power lines\48 - Improbable.jpg
improbable-373.jpg,../../data/raw/Summer 2021 AI Photos\Ari\Near power lines\49 - Improbable.jpg
improbable-374.jpg,../../data/raw/Summer 2021 AI Photos\Ari\Near power lines\5 - Improbable.jpg
improbable-375.jpg,../../data/raw/Summer 2021 AI Photos\Ari\Near power lines\50 - Improbable.jpg
improbable-376.jpg,../../data/raw/Summer 2021 AI Photos\Ari\Near power lines\51 - Improbable.jpg
improbable-377.jpg,../../data/raw/Summer 2021 AI Photos\Ari\Near power lines\52 - Improbable.jpg
improbable-378.jpg,../../data/raw/Summer 2021 AI Photos\Ari\Near power lines\53 - Improbable.jpg
improbable-379.jpg,../../data/raw/Summer 2021 AI Photos\Ari\Near power lines\54 - Improbable.jpg
improbable-380.jpg,../../data/raw/Summer 2021 AI Photos\Ari\Near power lines\55 - Improbable.jpg
improbable-381.jpg,../../data/raw/Summer 2021 AI Photos\Ari\Near power lines\57 - Improbable.jpg
improbable-382.jpg,../../data/raw/Summer 2021 AI Photos\Ari\Near power lines\58 - Improbable.jpg
improbable-383.jpg,../../data/raw/Summer 2021 AI Photos\Ari\Near power lines\59 - Improbable.jpg
improbable-384.jpg,../../data/raw/Summer 2021 AI Photos\Ari\Near power lines\62 - improbable.jpg
improbable-385.jpg,../../data/raw/Summer 2021 AI Photos\Ari\Near power lines\65 - improbable.jpg
improbable-386.jpg,../../data/raw/Summer 2021 AI Photos\Ari\Near power lines\66 - improbable.jpg
improbable-387.jpg,../../data/raw/Summer 2021 AI Photos\Ari\Near power lines\7 - Improbable.jpg
improbable-388.jpg,../../data/raw/Summer 2021 AI Photos\Ari\Near power lines\8 - Improbable.jpg
improbable-389.jpg,../../data/raw/Summer 2021 AI Photos\Ryan\Away from power lines\10-improbable-closeup.jpg
improbable-390.jpg,../../data/raw/Summer 2021 AI Photos\Ryan\Away from power lines\19-improbable.jpg
improbable-391.jpg,../../data/raw/Summer 2021 AI Photos\Ryan\Away from power lines\2-improbable-closeup.jpg
improbable-392.jpg,../../data/raw/Summer 2021 AI Photos\Ryan\Away from power lines\7-improbable-closeup.jpg
improbable-393.jpg,../../data/raw/Summer 2021 AI Photos\Ryan\Away from power lines\8-improbable-closeup.jpg
improbable-394.jpg,../../data/raw/Summer 2021 AI Photos\Ryan\Near power lines\100-improbable.jpg
improbable-395.jpg,../../data/raw/Summer 2021 AI Photos\Ryan\Near power lines\103-improbable.jpg
improbable-396.jpg,../../data/raw/Summer 2021 AI Photos\Ryan\Near power lines\105-improbable.jpg
improbable-397.jpg,../../data/raw/Summer 2021 AI Photos\Ryan\Near power lines\106-improbable.jpg
improbable-398.jpg,../../data/raw/Summer 2021 AI Photos\Ryan\Near power lines\107-improbable.jpg
improbable-399.jpg,../../data/raw/Summer 2021 AI Photos\Ryan\Near power lines\108-improbable.jpg
improbable-400.jpg,../../data/raw/Summer 2021 AI Photos\Ryan\Near power lines\110-improbable.jpg
improbable-401.jpg,../../data/raw/Summer 2021 AI Photos\Ryan\Near power lines\111-improbable.jpg
improbable-402.jpg,../../data/raw/Summer 2021 AI Photos\Ryan\Near power lines\113-improbable.jpg
improbable-403.jpg,../../data/raw/Summer 2021 AI Photos\Ryan\Near power lines\114-improbable.jpg
improbable-404.jpg,../../data/raw/Summer 2021 AI Photos\Ryan\Near power lines\115-improbable.jpg
improbable-405.jpg,../../data/raw/Summer 2021 AI Photos\Ryan\Near power lines\116-improbable.jpg
improbable-406.jpg,../../data/raw/Summer 2021 AI Photos\Ryan\Near power lines\117-improbable.jpg
improbable-407.jpg,../../data/raw/Summer 2021 AI Photos\Ryan\Near power lines\120-improbable.jpg
improbable-408.jpg,../../data/raw/Summer 2021 AI Photos\Ryan\Near power lines\121-improbable.jpg
improbable-409.jpg,../../data/raw/Summer 2021 AI Photos\Ryan\Near power lines\24-improbable.jpg
improbable-410.jpg,../../data/raw/Summer 2021 AI Photos\Ryan\Near power lines\25-improbable reaction wood.jpg
improbable-411.jpg,../../data/raw/Summer 2021 AI Photos\Ryan\Near power lines\26-improbable.jpg
improbable-412.jpg,../../data/raw/Summer 2021 AI Photos\Ryan\Near power lines\27-improbable.jpg
improbable-413.jpg,../../data/raw/Summer 2021 AI Photos\Ryan\Near power lines\29-improbable.jpg
improbable-414.jpg,../../data/raw/Summer 2021 AI Photos\Ryan\Near power lines\30-improbable.jpg
improbable-415.jpg,../../data/raw/Summer 2021 AI Photos\Ryan\Near power lines\31-improbable.jpg
improbable-416.jpg,../../data/raw/Summer 2021 AI Photos\Ryan\Near power lines\33-improbable.jpg
improbable-417.jpg,../../data/raw/Summer 2021 AI Photos\Ryan\Near power lines\37-improbable.jpg
improbable-418.jpg,../../data/raw/Summer 2021 AI Photos\Ryan\Near power lines\38-improbable.jpg
improbable-419.jpg,../../data/raw/Summer 2021 AI Photos\Ryan\Near power lines\39-improbable.jpg
improbable-420.jpg,../../data/raw/Summer 2021 AI Photos\Ryan\Near power lines\40-improbable.jpg
improbable-421.jpg,../../data/raw/Summer 2021 AI Photos\Ryan\Near power lines\42-improbable.jpg
improbable-422.jpg,../../data/raw/Summer 2021 AI Photos\Ryan\Near power lines\43-improbable.jpg
improbable-423.jpg,../../data/raw/Summer 2021 AI Photos\Ryan\Near power lines\46-improbable.jpg
improbable-424.jpg,../../data/raw/Summer 2021 AI Photos\Ryan\Near power lines\48-improbable.jpg
improbable-425.jpg,../../data/raw/Summer 2021 AI Photos\Ryan\Near power lines\49-improbable.jpg
improbable-426.jpg,../../data/raw/Summer 2021 AI Photos\Ryan\Near power lines\50-improbable.jpg
improbable-427.jpg,../../data/raw/Summer 2021 AI Photos\Ryan\Near power lines\51-improbable.jpg
improbable-428.jpg,../../data/raw/Summer 2021 AI Photos\Ryan\Near power lines\52-improbable.jpg
improbable-429.jpg,../../data/raw/Summer 2021 AI Photos\Ryan\Near power lines\53-improbable codominant massive response growth.jpg
improbable-430.jpg,../../data/raw/Summer 2021 AI Photos\Ryan\Near power lines\54-improbable.jpg
improbable-431.jpg,../../data/raw/Summer 2021 AI Photos\Ryan\Near power lines\55-improbable.jpg
improbable-432.jpg,../../data/raw/Summer 2021 AI Photos\Ryan\Near power lines\56-improbable.jpg
improbable-433.jpg,../../data/raw/Summer 2021 AI Photos\Ryan\Near power lines\57-improbable.jpg
improbable-434.jpg,../../data/raw/Summer 2021 AI Photos\Ryan\Near power lines\58-improbable.jpg
improbable-435.jpg,../../data/raw/Summer 2021 AI Photos\Ryan\Near power lines\61-improbable.jpg
improbable-436.jpg,../../data/raw/Summer 2021 AI Photos\Ryan\Near power lines\62-improbable.jpg
improbable-437.jpg,../../data/raw/Summer 2021 AI Photos\Ryan\Near power lines\63-improbable.jpg
improbable-438.jpg,../../data/raw/Summer 2021 AI Photos\Ryan\Near power lines\64-improbable.jpg
improbable-439.jpg,../../data/raw/Summer 2021 AI Photos\Ryan\Near power lines\65-improbable.jpg
improbable-440.jpg,../../data/raw/Summer 2021 AI Photos\Ryan\Near power lines\66-improbable.jpg
improbable-441.jpg,../../data/raw/Summer 2021 AI Photos\Ryan\Near power lines\67-improbable.jpg
improbable-442.jpg,../../data/raw/Summer 2021 AI Photos\Ryan\Near power lines\68-improbable.jpg
improbable-443.jpg,../../data/raw/Summer 2021 AI Photos\Ryan\Near power lines\69-improbable.jpg
improbable-444.jpg,../../data/raw/Summer 2021 AI Photos\Ryan\Near power lines\70-improbable.jpg
improbable-445.jpg,../../data/raw/Summer 2021 AI Photos\Ryan\Near power lines\71-improbable.jpg
improbable-446.jpg,../../data/raw/Summer 2021 AI Photos\Ryan\Near power lines\72-improbable.jpg
improbable-447.jpg,../../data/raw/Summer 2021 AI Photos\Ryan\Near power lines\73-improbable.jpg
improbable-448.jpg,../../data/raw/Summer 2021 AI Photos\Ryan\Near power lines\74-improbable.jpg
improbable-449.jpg,../../data/raw/Summer 2021 AI Photos\Ryan\Near power lines\75-improbable.jpg
improbable-450.jpg,../../data/raw/Summer 2021 AI Photos\Ryan\Near power lines\77-improbable.jpg
improbable-451.jpg,../../data/raw/Summer 2021 AI Photos\Ryan\Near power lines\78-improbable.jpg
improbable-452.jpg,../../data/raw/Summer 2021 AI Photos\Ryan\Near power lines\79-improbable.jpg
improbable-453.jpg,../../data/raw/Summer 2021 AI Photos\Ryan\Near power lines\80-improbable.jpg
improbable-454.jpg,../../data/raw/Summer 2021 AI Photos\Ryan\Near power lines\83-improbable.jpg
improbable-455.jpg,../../data/raw/Summer 2021 AI Photos\Ryan\Near power lines\85-improbable.jpg
improbable-456.jpg,../../data/raw/Summer 2021 AI Photos\Ryan\Near power lines\86-improbable.jpg
improbable-457.jpg,../../data/raw/Summer 2021 AI Photos\Ryan\Near power lines\88-improbable.jpg
improbable-458.jpg,../../data/raw/Summer 2021 AI Photos\Ryan\Near power lines\89-improbable.jpg
improbable-459.jpg,../../data/raw/Summer 2021 AI Photos\Ryan\Near power lines\92-improbable.jpg
improbable-460.jpg,../../data/raw/Summer 2021 AI Photos\Ryan\Near power lines\93-improbable codominant stem with reaction wood.jpg
improbable-461.jpg,../../data/raw/Summer 2021 AI Photos\Ryan\Near power lines\94-improbable.jpg
improbable-462.jpg,../../data/raw/Summer 2021 AI Photos\Ryan\Near power lines\95-improbable.jpg
improbable-463.jpg,../../data/raw/Summer 2021 AI Photos\Ryan\Near power lines\96-improbable.jpg
improbable-464.jpg,../../data/raw/Summer 2021 AI Photos\Ryan\Near power lines\97-improbable.jpg
improbable-465.jpg,../../data/raw/Summer 2021 AI Photos\Ryan\Near power lines\98-improbable.jpg
improbable-466.jpg,../../data/raw/Summer 2021 AI Photos\Ryan\Near power lines\99-improbable.jpg
improbable-467.jpg,../../data/raw/Likelihood of Failure Images/IMG_0939.HEIC
improbable-468.jpg,../../data/raw/Likelihood of Failure Images/IMG_0940.HEIC
improbable-469.jpg,../../data/raw/Likelihood of Failure Images/IMG_0942.HEIC
improbable-470.jpg,../../data/raw/Likelihood of Failure Images/IMG_0946.HEIC
improbable-471.jpg,../../data/raw/Likelihood of Failure Images/IMG_0947.HEIC
improbable-472.jpg,../../data/raw/Likelihood of Failure Images/IMG_0948.HEIC
improbable-473.jpg,../../data/raw/Likelihood of Failure Images/IMG_0949.HEIC
improbable-474.jpg,../../data/raw/Likelihood of Failure Images/IMG_0958.HEIC
improbable-475.jpg,../../data/raw/Likelihood of Failure Images/IMG_0965.HEIC
improbable-476.jpg,../../data/raw/Likelihood of Failure Images/IMG_0967.HEIC
improbable-477.jpg,../../data/raw/Likelihood of Failure Images/IMG_0968.HEIC
improbable-478.jpg,../../data/raw/Likelihood of Failure Images/IMG_0970.HEIC
improbable-479.jpg,../../data/raw/Likelihood of Failure Images/IMG_0974.HEIC
improbable-480.jpg,../../data/raw/Likelihood of Failure Images/IMG_0976.HEIC
improbable-481.jpg,../../data/raw/Likelihood of Failure Images/IMG_0978.HEIC
improbable-482.jpg,../../data/raw/Likelihood of Failure Images/IMG_0988.HEIC
improbable-483.jpg,../../data/raw/Likelihood of Failure Images/IMG_0999.HEIC
improbable-484.jpg,../../data/raw/Likelihood of Failure Images/IMG_1009.HEIC
improbable-485.jpg,../../data/raw/Likelihood of Failure Images/IMG_1010.HEIC
improbable-486.jpg,../../data/raw/Likelihood of Failure Images/IMG_1011.HEIC
improbable-487.jpg,../../data/raw/Likelihood of Failure Images/IMG_1012.HEIC
improbable-488.jpg,../../data/raw/Likelihood of Failure Images/IMG_1014.HEIC
improbable-489.jpg,../../data/raw/Likelihood of Failure Images/IMG_1018.HEIC
improbable-490.jpg,../../data/raw/Likelihood of Failure Images/IMG_1019.HEIC
improbable-491.jpg,../../data/raw/Likelihood of Failure Images/IMG_1020.HEIC
improbable-492.jpg,../../data/raw/Likelihood of Failure Images/IMG_1022.HEIC
improbable-493.jpg,../../data/raw/Likelihood of Failure Images/IMG_1023.HEIC
improbable-494.jpg,../../data/raw/Likelihood of Failure Images/IMG_1024.HEIC
improbable-495.jpg,../../data/raw/Likelihood of Failure Images/IMG_1025.HEIC
improbable-496.jpg,../../data/raw/Likelihood of Failure Images/IMG_1034.HEIC
improbable-497.jpg,../../data/raw/Likelihood of Failure Images/IMG_1035.HEIC
improbable-498.jpg,../../data/raw/Likelihood of Failure Images/IMG_1041.HEIC
improbable-499.jpg,../../data/raw/Likelihood of Failure Images/IMG_1042.HEIC
improbable-500.jpg,../../data/raw/Likelihood of Failure Images/IMG_1048.HEIC
improbable-501.jpg,../../data/raw/Likelihood of Failure Images/IMG_1052.HEIC
improbable-502.jpg,../../data/raw/Likelihood of Failure Images/IMG_1054.HEIC
improbable-503.jpg,../../data/raw/Likelihood of Failure Images/IMG_1055.HEIC
improbable-504.jpg,../../data/raw/Likelihood of Failure Images/IMG_1057.HEIC
improbable-505.jpg,../../data/raw/Likelihood of Failure Images/IMG_1067.HEIC
improbable-506.jpg,../../data/raw/Likelihood of Failure Images/IMG_1076.HEIC
improbable-507.jpg,../../data/raw/Likelihood of Failure Images/IMG_1079.HEIC
improbable-508.jpg,../../data/raw/Likelihood of Failure Images/IMG_1081.HEIC
improbable-509.jpg,../../data/raw/Likelihood of Failure Images/IMG_1086.HEIC
improbable-510.jpg,../../data/raw/Likelihood of Failure Images/IMG_1088.HEIC
improbable-511.jpg,../../data/raw/Likelihood of Failure Images/IMG_1091.HEIC
improbable-512.jpg,../../data/raw/Likelihood of Failure Images/IMG_1093.HEIC
improbable-513.jpg,../../data/raw/Likelihood of Failure Images/IMG_1094.HEIC
improbable-514.jpg,../../data/raw/Likelihood of Failure Images/IMG_1095.HEIC
improbable-515.jpg,../../data/raw/Likelihood of Failure Images/IMG_1106.HEIC
improbable-516.jpg,../../data/raw/Likelihood of Failure Images/IMG_1107.HEIC
improbable-517.jpg,../../data/raw/Likelihood of Failure Images/IMG_1114.HEIC
improbable-518.jpg,../../data/raw/Likelihood of Failure Images/IMG_1129.HEIC
improbable-519.jpg,../../data/raw/Likelihood of Failure Images/IMG_1137.HEIC
improbable-520.jpg,../../data/raw/Likelihood of Failure Images/IMG_1138.HEIC
improbable-521.jpg,../../data/raw/Likelihood of Failure Images/IMG_1143.HEIC
improbable-522.jpg,../../data/raw/Likelihood of Failure Images/IMG_1157.HEIC
improbable-523.jpg,../../data/raw/Likelihood of Failure Images/IMG_1158.HEIC
improbable-524.jpg,../../data/raw/Likelihood of Failure Images/IMG_1159.HEIC
improbable-525.jpg,../../data/raw/Likelihood of Failure Images/IMG_1164.HEIC
improbable-526.jpg,../../data/raw/Likelihood of Failure Images/IMG_1191.HEIC
improbable-527.jpg,../../data/raw/Likelihood of Failure Images/IMG_1192.HEIC
improbable-528.jpg,../../data/raw/More AI Tree Pics 04_22/IMG_1845.HEIC
improbable-529.jpg,../../data/raw/More AI Tree Pics 04_22/IMG_1847.HEIC
improbable-530.jpg,../../data/raw/More AI Tree Pics 04_22/IMG_1848.HEIC
improbable-531.jpg,../../data/raw/More AI Tree Pics 04_22/IMG_1866.HEIC
improbable-532.jpg,../../data/raw/More AI Tree Pics 04_22/IMG_1867.HEIC
improbable-533.jpg,../../data/raw/More AI Tree Pics 04_22/IMG_1874.HEIC
improbable-534.jpg,../../data/raw/More AI Tree Pics 04_22/IMG_1877.HEIC
improbable-535.jpg,../../data/raw/More AI Tree Pics 04_22/IMG_1883.HEIC
improbable-536.jpg,../../data/raw/More AI Tree Pics 04_22/IMG_1884.HEIC
improbable-537.jpg,../../data/raw/More AI Tree Pics 04_22/IMG_1888.HEIC
improbable-538.jpg,../../data/raw/More AI Tree Pics 04_22/IMG_1889.HEIC
improbable-539.jpg,../../data/raw/More AI Tree Pics 04_22/IMG_1893.HEIC
improbable-540.jpg,../../data/raw/More AI Tree Pics 04_22/IMG_1895.HEIC
improbable-541.jpg,../../data/raw/More AI Tree Pics 04_22/IMG_1971.HEIC
improbable-542.jpg,../../data/raw/More AI Tree Pics 04_22/IMG_1977.HEIC
improbable-543.jpg,../../data/raw/More AI Tree Pics 04_22/IMG_1981.HEIC
improbable-544.jpg,../../data/raw/More AI Tree Pics 04_22/IMG_1983.HEIC
improbable-545.jpg,../../data/raw/More AI Tree Pics 04_22/IMG_1991.HEIC
improbable-546.jpg,../../data/raw/More AI Tree Pics 04_22/IMG_1992.HEIC
improbable-547.jpg,../../data/raw/More AI Tree Pics 04_22/IMG_1994.HEIC
improbable-548.jpg,../../data/raw/More AI Tree Pics 04_22/IMG_1997.HEIC
improbable-549.jpg,../../data/raw/More AI Tree Pics 04_22/IMG_2001.HEIC
improbable-550.jpg,../../data/raw/More AI Tree Pics 04_22/IMG_2002.HEIC
improbable-551.jpg,../../data/raw/More AI Tree Pics 04_22/IMG_2005.HEIC
improbable-552.jpg,../../data/raw/More AI Tree Pics 04_22/IMG_2006.HEIC
improbable-553.jpg,../../data/raw/More AI Tree Pics 04_22/IMG_2008.HEIC
improbable-554.jpg,../../data/raw/More AI Tree Pics 04_22/IMG_2013.HEIC
possible-0.jpg,../../data/raw/Pictures for AI\Site 11\Possible.JPG
possible-1.jpg,../../data/raw/Pictures for AI\Site 112\Possible (3 codominant stems with low crotch, included bark).JPG
possible-2.jpg,../../data/raw/Pictures for AI\Site 112\Possible (dead overhang, no decay visible).JPG
possible-3.jpg,../../data/raw/Pictures for AI\Site 116\Possible (deadwood in crown).JPG
possible-4.jpg,../../data/raw/Pictures for AI\Site 116\Possible (low codominant union).JPG
possible-5.jpg,../../data/raw/Pictures for AI\Site 118\Possible (deadwood at line height).JPG
possible-6.jpg,../../data/raw/Pictures for AI\Site 118\Possible (low codominant junction).JPG
possible-7.jpg,../../data/raw/Pictures for AI\Site 122\Tree ID 4 - Possible.jpg
possible-8.jpg,../../data/raw/Pictures for AI\Site 128\Possible (dead limbs).JPG
possible-9.jpg,../../data/raw/Pictures for AI\Site 128\Possible (multi stem codominant union at line height).JPG
possible-10.jpg,../../data/raw/Pictures for AI\Site 136\Possible (low codominant stem).JPG
possible-11.jpg,../../data/raw/Pictures for AI\Site 138\Possible (low crotch codominant stem).JPG
possible-12.jpg,../../data/raw/Pictures for AI\Site 14\10 - Possible(Previously topped).JPG
possible-13.jpg,../../data/raw/Pictures for AI\Site 14\8 - Possible(dead limbs, bad angles, topped).JPG
possible-14.jpg,../../data/raw/Pictures for AI\Site 148\Possible (deadwood).JPG
possible-15.jpg,../../data/raw/Pictures for AI\Site 148\Possible (trunk wound, decay).JPG
possible-16.jpg,../../data/raw/Pictures for AI\Site 151\Tree ID 1 - Possible.jpg
possible-17.jpg,../../data/raw/Pictures for AI\Site 152\Possible (dead overhangs).JPG
possible-18.jpg,../../data/raw/Pictures for AI\Site 155\Possible (Deadwood above lines).JPG
possible-19.jpg,../../data/raw/Pictures for AI\Site 155\Possible (weak branch union at previous point of failure).JPG
possible-20.jpg,../../data/raw/Pictures for AI\Site 159\Tree ID 2 - Possible.jpg
possible-21.jpg,../../data/raw/Pictures for AI\Site 161\Possible (verticle cracks on either side of trunk).JPG
possible-22.jpg,../../data/raw/Pictures for AI\Site 168\2 - possible (previous failure, decay).JPG
possible-23.jpg,../../data/raw/Pictures for AI\Site 17\Possible (red maple, weak attachment angles).JPG
possible-24.jpg,../../data/raw/Pictures for AI\Site 17\Possible (silver maple, codom weak attach, reaction wood).JPG
possible-25.jpg,../../data/raw/Pictures for AI\Site 17\Possible (silver maple, weak attachments, reaction wood present).JPG
possible-26.jpg,../../data/raw/Pictures for AI\Site 171\Tree ID 5 - Possible.jpg
possible-27.jpg,../../data/raw/Pictures for AI\Site 175\Tree ID 4 -Possible.jpg
possible-28.jpg,../../data/raw/Pictures for AI\Site 175\Tree ID 5 - Possible.jpg
possible-29.jpg,../../data/raw/Pictures for AI\Site 176\Possible (dieback, dead limbs).jpg
possible-30.jpg,../../data/raw/Pictures for AI\Site 178\Possible (previous failure, decay).JPG
possible-31.jpg,../../data/raw/Pictures for AI\Site 179\11 - Possible (codominant, reaction wood present).JPG
possible-32.jpg,../../data/raw/Pictures for AI\Site 179\8 - Possible (included bark, codominant multi stem, low crotch).JPG
possible-33.jpg,../../data/raw/Pictures for AI\Site 187\Tree ID 2 - Possible.jpg
possible-34.jpg,../../data/raw/Pictures for AI\Site 188\Tree ID 3 - Possible.jpg
possible-35.jpg,../../data/raw/Pictures for AI\Site 2\Possible (trunk would opposite partially uncorrected lean).JPG
possible-36.jpg,../../data/raw/Pictures for AI\Site 205\2 - possible (dead limbs).JPG
possible-37.jpg,../../data/raw/Pictures for AI\Site 207\1 - possible (included bark, codominant stems).JPG
possible-38.jpg,../../data/raw/Pictures for AI\Site 209\5 - possible (weak attachments, included bark, dieback).JPG
possible-39.jpg,../../data/raw/Pictures for AI\Site 21\Possible.jpg
possible-40.jpg,../../data/raw/Pictures for AI\Site 213\Possible (dieback, weak attachments).JPG
possible-41.jpg,../../data/raw/Pictures for AI\Site 213\Possible (weak attachments, codomoinant stems).JPG
possible-42.jpg,../../data/raw/Pictures for AI\Site 214\Possible (dieback, weak attachments).JPG
possible-43.jpg,../../data/raw/Pictures for AI\Site 22\Possible (dead limbs poor attachment angle).JPG
possible-44.jpg,../../data/raw/Pictures for AI\Site 22\Possible (dead limbs poor attachment).JPG
possible-45.jpg,../../data/raw/Pictures for AI\Site 28\Possible (low codominant stem, reaction wood present).JPG
possible-46.jpg,../../data/raw/Pictures for AI\Site 28\Possible (poor attachment codominant stems, weeping pitch).JPG
possible-47.jpg,../../data/raw/Pictures for AI\Site 34\Possible (eastern white pine).JPG
possible-48.jpg,../../data/raw/Pictures for AI\Site 34\Possible (eastern white pine, dead overhangs) (2).JPG
possible-49.jpg,../../data/raw/Pictures for AI\Site 34\Possible (eastern white pine, dead overhangs).JPG
possible-50.jpg,../../data/raw/Pictures for AI\Site 34\Possible (previous failure, reaction wood).JPG
possible-51.jpg,../../data/raw/Pictures for AI\Site 4\Possible (weak attachments).JPG
possible-52.jpg,../../data/raw/Pictures for AI\Site 4\Possible (weak attachments, previous failure with epicormic growth).JPG
possible-53.jpg,../../data/raw/Pictures for AI\Site 40\Possible (past failure, decay above lines).JPG
possible-54.jpg,../../data/raw/Pictures for AI\Site 41\Possible (Co-dom).JPG
possible-55.jpg,../../data/raw/Pictures for AI\Site 41\Possible (weak attachments).JPG
possible-56.jpg,../../data/raw/Pictures for AI\Site 42\Possible (weak attachment angles).JPG
possible-57.jpg,../../data/raw/Pictures for AI\Site 42\Possible (weak attachment, lion tail).JPG
possible-58.jpg,../../data/raw/Pictures for AI\Site 44\possible-1.JPG
possible-59.jpg,../../data/raw/Pictures for AI\Site 44\possible-2.JPG
possible-60.jpg,../../data/raw/Pictures for AI\Site 44\possible-3.JPG
possible-61.jpg,../../data/raw/Pictures for AI\Site 48\Possible (poor attachment, decay).JPG
possible-62.jpg,../../data/raw/Pictures for AI\Site 52\Possible (weak attachments).JPG
possible-63.jpg,../../data/raw/Pictures for AI\Site 52\Possible (weak attachments, crack at untion).JPG
possible-64.jpg,../../data/raw/Pictures for AI\Site 53\Possible (large defect rear of tree with decay, reaction wood).JPG
possible-65.jpg,../../data/raw/Pictures for AI\Site 54\Possible(crack rear side, bleeding).JPG
possible-66.jpg,../../data/raw/Pictures for AI\Site 59\3 - possible (previous failure at line height).JPG
possible-67.jpg,../../data/raw/Pictures for AI\Site 59\4 - possible (large previous failure, decay on main stem).JPG
possible-68.jpg,../../data/raw/Pictures for AI\Site 60\Possible (included bark, decay).JPG
possible-69.jpg,../../data/raw/Pictures for AI\Site 67\Possible (co-dom 3stem).JPG
possible-70.jpg,../../data/raw/Pictures for AI\Site 67\Possible (included bark at multi stem junction).JPG
possible-71.jpg,../../data/raw/Pictures for AI\Site 67\Possible (past failures, large wound, weak attachment).JPG
possible-72.jpg,../../data/raw/Pictures for AI\Site 7\Possible (dead limb, weak attachment).JPG
possible-73.jpg,../../data/raw/Pictures for AI\Site 7\Possible (spruce, codominant and dieback).JPG
possible-74.jpg,../../data/raw/Pictures for AI\Site 70\Possible (wound and decay, trunk, street side).JPG
possible-75.jpg,../../data/raw/Pictures for AI\Site 72\Possible.JPG
possible-76.jpg,../../data/raw/Pictures for AI\Site 76\Possible.JPG
possible-77.jpg,../../data/raw/Pictures for AI\Site 79\Possible (lean greater than 10 degrees).JPG
possible-78.jpg,../../data/raw/Pictures for AI\Site 84\Possible (decay on trunk).JPG
possible-79.jpg,../../data/raw/Pictures for AI\Site 9\Possible (previuos 2 stem tree, decay present in left stump).JPG
possible-80.jpg,../../data/raw/Pictures for AI\Site 96\Possible (large decaying wound at base, reaction wood present).JPG
possible-81.jpg,../../data/raw/Pictures for AI\Site 96\Possible (previous failure and decay above lines, reaction wood).JPG
possible-82.jpg,../../data/raw/Pictures for AI\Site 97\Possible (crack at multi stem junction).JPG
possible-83.jpg,../../data/raw/Summer 2021 AI Photos\Amanda\Near power lines\16_possible.jpg
possible-84.jpg,../../data/raw/Summer 2021 AI Photos\Amanda\Near power lines\18_possible_codominant_stems.jpg
possible-85.jpg,../../data/raw/Summer 2021 AI Photos\Amanda\Near power lines\1_possible_dead_branch.jpg
possible-86.jpg,../../data/raw/Summer 2021 AI Photos\Amanda\Near power lines\20_possible_decay.jpg
possible-87.jpg,../../data/raw/Summer 2021 AI Photos\Amanda\Near power lines\29_possible_codominant_stems.jpg
possible-88.jpg,../../data/raw/Summer 2021 AI Photos\Amanda\Near power lines\32_possible_codominant_stems.jpg
possible-89.jpg,../../data/raw/Summer 2021 AI Photos\Amanda\Near power lines\41_possible_decay.jpg
possible-90.jpg,../../data/raw/Summer 2021 AI Photos\Ari\Near power lines\17 - Possible.jpg
possible-91.jpg,../../data/raw/Summer 2021 AI Photos\Ari\Near power lines\24 - Possible.jpg
possible-92.jpg,../../data/raw/Summer 2021 AI Photos\Ari\Near power lines\25 - Possible.jpg
possible-93.jpg,../../data/raw/Summer 2021 AI Photos\Ari\Near power lines\27 - Possible.jpg
possible-94.jpg,../../data/raw/Summer 2021 AI Photos\Ari\Near power lines\28 - Possible.jpg
possible-95.jpg,../../data/raw/Summer 2021 AI Photos\Ari\Near power lines\31- Possible.jpg
possible-96.jpg,../../data/raw/Summer 2021 AI Photos\Ari\Near power lines\39 - Possible.jpg
possible-97.jpg,../../data/raw/Summer 2021 AI Photos\Ari\Near power lines\41 - Possible.jpg
possible-98.jpg,../../data/raw/Summer 2021 AI Photos\Ari\Near power lines\45 - Possible - Close up, included bark.jpg
possible-99.jpg,../../data/raw/Summer 2021 AI Photos\Ari\Near power lines\56 - Possible.jpg
possible-100.jpg,../../data/raw/Summer 2021 AI Photos\Ari\Near power lines\63 - possible.jpg
possible-101.jpg,../../data/raw/Summer 2021 AI Photos\Ari\Near power lines\64 - possible - close up, crack in codominant stem.jpg
possible-102.jpg,../../data/raw/Summer 2021 AI Photos\Ari\Near power lines\9 - Possible.jpg
possible-103.jpg,../../data/raw/Summer 2021 AI Photos\Ryan\Away from power lines\1-possible-codominant.jpg
possible-104.jpg,../../data/raw/Summer 2021 AI Photos\Ryan\Away from power lines\11-possible-codominant with included bark.jpg
possible-105.jpg,../../data/raw/Summer 2021 AI Photos\Ryan\Away from power lines\12-possible-crack closeup.jpg
possible-106.jpg,../../data/raw/Summer 2021 AI Photos\Ryan\Away from power lines\15-possible-crack closeup.jpg
possible-107.jpg,../../data/raw/Summer 2021 AI Photos\Ryan\Near power lines\16-possible.jpg
possible-108.jpg,../../data/raw/Summer 2021 AI Photos\Ryan\Away from power lines\17-possible.jpg
possible-109.jpg,../../data/raw/Summer 2021 AI Photos\Ryan\Away from power lines\18-possible-dieback closeup.jpg
possible-110.jpg,../../data/raw/Summer 2021 AI Photos\Ryan\Near power lines\3-possible.jpg
possible-111.jpg,../../data/raw/Summer 2021 AI Photos\Ryan\Away from power lines\4-possible.jpg
possible-112.jpg,../../data/raw/Summer 2021 AI Photos\Ryan\Near power lines\5-possible.jpg
possible-113.jpg,../../data/raw/Summer 2021 AI Photos\Ryan\Away from power lines\9-possible-codominant with reaction wood.jpg
possible-114.jpg,../../data/raw/Summer 2021 AI Photos\Ryan\Near power lines\104-possible codominant stem.jpg
possible-115.jpg,../../data/raw/Summer 2021 AI Photos\Ryan\Near power lines\109-possible low codominant union.jpg
possible-116.jpg,../../data/raw/Summer 2021 AI Photos\Ryan\Near power lines\112-possible weak attachment on low branch.jpg
possible-117.jpg,../../data/raw/Summer 2021 AI Photos\Ryan\Near power lines\118-possible codominant with included bark.jpg
possible-118.jpg,../../data/raw/Summer 2021 AI Photos\Ryan\Near power lines\119-possible-closeup of union and branch decay.jpg
possible-119.jpg,../../data/raw/Summer 2021 AI Photos\Ryan\Near power lines\20-possible dieback.jpg
possible-120.jpg,../../data/raw/Summer 2021 AI Photos\Ryan\Near power lines\23-possible dieback.jpg
possible-121.jpg,../../data/raw/Summer 2021 AI Photos\Ryan\Near power lines\28-possible dieback.jpg
possible-122.jpg,../../data/raw/Summer 2021 AI Photos\Ryan\Near power lines\35-possible low crotch codominant.jpg
possible-123.jpg,../../data/raw/Summer 2021 AI Photos\Ryan\Near power lines\36-possible crown dieback.jpg
possible-124.jpg,../../data/raw/Summer 2021 AI Photos\Ryan\Near power lines\41-possible crown dieback.jpg
possible-125.jpg,../../data/raw/Summer 2021 AI Photos\Ryan\Near power lines\44-possible crown dieback and basal wound.jpg
possible-126.jpg,../../data/raw/Summer 2021 AI Photos\Ryan\Near power lines\45-possible codominant.jpg
possible-127.jpg,../../data/raw/Summer 2021 AI Photos\Ryan\Near power lines\47-possible large past failure.jpg
possible-128.jpg,../../data/raw/Summer 2021 AI Photos\Ryan\Near power lines\59-possible codominant union.jpg
possible-129.jpg,../../data/raw/Summer 2021 AI Photos\Ryan\Near power lines\60-possible codominant union closeup.jpg
possible-130.jpg,../../data/raw/Summer 2021 AI Photos\Ryan\Near power lines\76-possible codominant stem with crack and reaction wood.jpg
possible-131.jpg,../../data/raw/Summer 2021 AI Photos\Ryan\Near power lines\81-possible crown dieback.jpg
possible-132.jpg,../../data/raw/Summer 2021 AI Photos\Ryan\Near power lines\82-possible codominant stems included bark.jpg
possible-133.jpg,../../data/raw/Summer 2021 AI Photos\Ryan\Near power lines\84-possible previous failure and decay.jpg
possible-134.jpg,../../data/raw/Summer 2021 AI Photos\Ryan\Near power lines\87-possible cracked codominant stem.jpg
possible-135.jpg,../../data/raw/Summer 2021 AI Photos\Ryan\Near power lines\90-possible weak unions and reaction wood.jpg
possible-136.jpg,../../data/raw/Likelihood of Failure Images/IMG_0936.HEIC
possible-137.jpg,../../data/raw/Likelihood of Failure Images/IMG_0943.HEIC
possible-138.jpg,../../data/raw/Likelihood of Failure Images/IMG_0952.HEIC
possible-139.jpg,../../data/raw/Likelihood of Failure Images/IMG_0953.HEIC
possible-140.jpg,../../data/raw/Likelihood of Failure Images/IMG_0954.HEIC
possible-141.jpg,../../data/raw/Likelihood of Failure Images/IMG_0957.HEIC
possible-142.jpg,../../data/raw/Likelihood of Failure Images/IMG_0962.HEIC
possible-143.jpg,../../data/raw/Likelihood of Failure Images/IMG_0969.HEIC
possible-144.jpg,../../data/raw/Likelihood of Failure Images/IMG_0971.HEIC
possible-145.jpg,../../data/raw/Likelihood of Failure Images/IMG_0972.HEIC
possible-146.jpg,../../data/raw/Likelihood of Failure Images/IMG_0973.HEIC
possible-147.jpg,../../data/raw/Likelihood of Failure Images/IMG_0975.HEIC
possible-148.jpg,../../data/raw/Likelihood of Failure Images/IMG_0977.HEIC
possible-149.jpg,../../data/raw/Likelihood of Failure Images/IMG_0981.HEIC
possible-150.jpg,../../data/raw/Likelihood of Failure Images/IMG_0983.HEIC
possible-151.jpg,../../data/raw/Likelihood of Failure Images/IMG_0986.HEIC
possible-152.jpg,../../data/raw/Likelihood of Failure Images/IMG_0987.HEIC
possible-153.jpg,../../data/raw/Likelihood of Failure Images/IMG_0990.HEIC
possible-154.jpg,../../data/raw/Likelihood of Failure Images/IMG_1001.HEIC
possible-155.jpg,../../data/raw/Likelihood of Failure Images/IMG_1015.HEIC
possible-156.jpg,../../data/raw/Likelihood of Failure Images/IMG_1017.HEIC
possible-157.jpg,../../data/raw/Likelihood of Failure Images/IMG_1021.HEIC
possible-158.jpg,../../data/raw/Likelihood of Failure Images/IMG_1026.HEIC
possible-159.jpg,../../data/raw/Likelihood of Failure Images/IMG_1028.HEIC
possible-160.jpg,../../data/raw/Likelihood of Failure Images/IMG_1029.HEIC
possible-161.jpg,../../data/raw/Likelihood of Failure Images/IMG_1030.HEIC
possible-162.jpg,../../data/raw/Likelihood of Failure Images/IMG_1031.HEIC
possible-163.jpg,../../data/raw/Likelihood of Failure Images/IMG_1032.HEIC
possible-164.jpg,../../data/raw/Likelihood of Failure Images/IMG_1033.HEIC
possible-165.jpg,../../data/raw/Likelihood of Failure Images/IMG_1036.HEIC
possible-166.jpg,../../data/raw/Likelihood of Failure Images/IMG_1038.HEIC
possible-167.jpg,../../data/raw/Likelihood of Failure Images/IMG_1085.HEIC
possible-168.jpg,../../data/raw/Likelihood of Failure Images/IMG_1087.HEIC
possible-169.jpg,../../data/raw/Likelihood of Failure Images/IMG_1089.HEIC
possible-170.jpg,../../data/raw/Likelihood of Failure Images/IMG_1092.HEIC
possible-171.jpg,../../data/raw/Likelihood of Failure Images/IMG_1096.HEIC
possible-172.jpg,../../data/raw/Likelihood of Failure Images/IMG_1099.HEIC
possible-173.jpg,../../data/raw/Likelihood of Failure Images/IMG_1119.HEIC
possible-174.jpg,../../data/raw/Likelihood of Failure Images/IMG_1120.HEIC
possible-175.jpg,../../data/raw/Likelihood of Failure Images/IMG_1125.HEIC
possible-176.jpg,../../data/raw/Likelihood of Failure Images/IMG_1130.HEIC
possible-177.jpg,../../data/raw/Likelihood of Failure Images/IMG_1139.HEIC
possible-178.jpg,../../data/raw/Likelihood of Failure Images/IMG_1146.HEIC
possible-179.jpg,../../data/raw/Likelihood of Failure Images/IMG_1156.HEIC
possible-180.jpg,../../data/raw/Likelihood of Failure Images/IMG_1163.HEIC
possible-181.jpg,../../data/raw/More AI Tree Pics 04_22/IMG_1835.HEIC
possible-182.jpg,../../data/raw/More AI Tree Pics 04_22/IMG_1868.HEIC
possible-183.jpg,../../data/raw/More AI Tree Pics 04_22/IMG_1872.HEIC
possible-184.jpg,../../data/raw/More AI Tree Pics 04_22/IMG_1876.HEIC
possible-185.jpg,../../data/raw/More AI Tree Pics 04_22/IMG_1878.HEIC
possible-186.jpg,../../data/raw/More AI Tree Pics 04_22/IMG_1880.HEIC
possible-187.jpg,../../data/raw/More AI Tree Pics 04_22/IMG_1882.HEIC
possible-188.jpg,../../data/raw/More AI Tree Pics 04_22/IMG_1885.HEIC
possible-189.jpg,../../data/raw/More AI Tree Pics 04_22/IMG_1886.HEIC
possible-190.jpg,../../data/raw/More AI Tree Pics 04_22/IMG_1891.HEIC
possible-191.jpg,../../data/raw/More AI Tree Pics 04_22/IMG_1892.HEIC
possible-192.jpg,../../data/raw/More AI Tree Pics 04_22/IMG_1894.HEIC
possible-193.jpg,../../data/raw/More AI Tree Pics 04_22/IMG_1972.HEIC
possible-194.jpg,../../data/raw/More AI Tree Pics 04_22/IMG_1973.HEIC
possible-195.jpg,../../data/raw/More AI Tree Pics 04_22/IMG_1974.HEIC
possible-196.jpg,../../data/raw/More AI Tree Pics 04_22/IMG_1978.HEIC
possible-197.jpg,../../data/raw/More AI Tree Pics 04_22/IMG_1980.HEIC
possible-198.jpg,../../data/raw/More AI Tree Pics 04_22/IMG_1985.HEIC
possible-199.jpg,../../data/raw/More AI Tree Pics 04_22/IMG_1986.HEIC
possible-200.jpg,../../data/raw/More AI Tree Pics 04_22/IMG_1988b.HEIC
possible-201.jpg,../../data/raw/More AI Tree Pics 04_22/IMG_1990.HEIC
possible-202.jpg,../../data/raw/More AI Tree Pics 04_22/IMG_1993.HEIC
possible-203.jpg,../../data/raw/More AI Tree Pics 04_22/IMG_1996.HEIC
possible-204.jpg,../../data/raw/More AI Tree Pics 04_22/IMG_2007.HEIC
possible-205.jpg,../../data/raw/More AI Tree Pics 04_22/IMG_2010.HEIC
possible-206.jpg,../../data/raw/More AI Tree Pics 04_22/IMG_2012.HEIC
probable-0.jpg,../../data/raw/Pictures for AI\Site 104\(Probable, deadwood, dieback, large wound street side).JPG
probable-1.jpg,../../data/raw/Pictures for AI\Site 104\Probable (deadwood).JPG
probable-2.jpg,../../data/raw/Pictures for AI\Site 108\Tree ID 13 - Probable.jpg
probable-3.jpg,../../data/raw/Pictures for AI\Site 111\Probable (decay, insect damage with frass, codominant stems, included bark).JPG
probable-4.jpg,../../data/raw/Pictures for AI\Site 112\Probable (previously failed top, dead overhang below break, decay present).JPG
probable-5.jpg,../../data/raw/Pictures for AI\Site 115\Tree ID 1 - Probable.jpg
probable-6.jpg,../../data/raw/Pictures for AI\Site 115\Tree ID 2 - Probable.jpg
probable-7.jpg,../../data/raw/Pictures for AI\Site 115\Tree ID 3 - Probable.jpg
probable-8.jpg,../../data/raw/Pictures for AI\Site 115\Tree ID 4 - Probable.jpg
probable-9.jpg,../../data/raw/Pictures for AI\Site 115\Tree ID 5 - Probable.jpg
probable-10.jpg,../../data/raw/Pictures for AI\Site 118\Probable (two left trees, decay and frass, partial failure on far left tree).JPG
probable-11.jpg,../../data/raw/Pictures for AI\Site 124\Tree ID 2 - Probable.jpg
probable-12.jpg,../../data/raw/Pictures for AI\Site 14\14 - Probable(butt rot on crack opposite lean, previously failed overhang with signs of rot and insect damage in heartwood).JPG
probable-13.jpg,../../data/raw/Pictures for AI\Site 14\3 - Probable(previously topped, weak attachments).JPG
probable-14.jpg,../../data/raw/Pictures for AI\Site 14\4 - Probable(standing dead).JPG
probable-15.jpg,../../data/raw/Pictures for AI\Site 14\5, 6 - Probable(2 standing dead trees).JPG
probable-16.jpg,../../data/raw/Pictures for AI\Site 14\8 - Probable(weak sucker attachments at topping cuts).JPG
probable-17.jpg,../../data/raw/Pictures for AI\Site 144\Probable (dead wood, dieback).jpg
probable-18.jpg,../../data/raw/Pictures for AI\Site 148\probable (deadwood, weak attachments, decay).JPG
probable-19.jpg,../../data/raw/Pictures for AI\Site 151\Tree ID 4 - Probable.jpg
probable-20.jpg,../../data/raw/Pictures for AI\Site 151\Tree ID 5 - Probable.jpg
probable-21.jpg,../../data/raw/Pictures for AI\Site 155\Probable (deadwood, previous failures, red maple on right).JPG
probable-22.jpg,../../data/raw/Pictures for AI\Site 161\Probable (dead overhangs, decay).JPG
probable-23.jpg,../../data/raw/Pictures for AI\Site 162\Probable (large crack from base, deadwood).JPG
probable-24.jpg,../../data/raw/Pictures for AI\Site 175\Tree ID 1 - Probable.jpg
probable-25.jpg,../../data/raw/Pictures for AI\Site 175\Tree ID 2- Probable.jpg
probable-26.jpg,../../data/raw/Pictures for AI\Site 175\Tree ID 3 - Probable.jpg
probable-27.jpg,../../data/raw/Pictures for AI\Site 175\Tree ID 6 - Probable.jpg
probable-28.jpg,../../data/raw/Pictures for AI\Site 178\Probable (dead hanging limb).JPG
probable-29.jpg,../../data/raw/Pictures for AI\Site 179\1 - Probable (heavy insect damage at base, frass, heavy lean towards defect).JPG
probable-30.jpg,../../data/raw/Pictures for AI\Site 179\12 - Probable (crabapple, mostly dead, vine strangled).JPG
probable-31.jpg,../../data/raw/Pictures for AI\Site 179\2 - Probable (standing dead).JPG
probable-32.jpg,../../data/raw/Pictures for AI\Site 188\Tree ID 4 - Probable.jpg
probable-33.jpg,../../data/raw/Pictures for AI\Site 2\Probable (Quercus coccinea, dead overhang at aprox 50 ft).JPG
probable-34.jpg,../../data/raw/Pictures for AI\Site 20\1 - Probable (decay on low crotch, included bark).JPG
probable-35.jpg,../../data/raw/Pictures for AI\Site 207\2 - probable (previous failures, severe trunk decay).JPG
probable-36.jpg,../../data/raw/Pictures for AI\Site 23\Probable (dead overhang).JPG
probable-37.jpg,../../data/raw/Pictures for AI\Site 25\Probable(butt rot, large dead limbs).JPG
probable-38.jpg,../../data/raw/Pictures for AI\Site 29\Probable (deadwood above line height, vine covered).JPG
probable-39.jpg,../../data/raw/Pictures for AI\Site 29\Probable (deadwood above line hieght, vine).JPG
probable-40.jpg,../../data/raw/Pictures for AI\Site 4\Probable(significant deadwood and decay).JPG
probable-41.jpg,../../data/raw/Pictures for AI\Site 41\(small right tree has crack all the way thru 4ft, probable) (lg left tree possible, steep attachment).JPG
probable-42.jpg,../../data/raw/Pictures for AI\Site 41\Probable (dead overhangs).JPG
probable-43.jpg,../../data/raw/Pictures for AI\Site 42\Probable (standing dead).JPG
probable-44.jpg,../../data/raw/Pictures for AI\Site 44\probable-1.JPG
probable-45.jpg,../../data/raw/Pictures for AI\Site 48\Probable (dead overhang).JPG
probable-46.jpg,../../data/raw/Pictures for AI\Site 53\Probable (decay, poor attachment angle, included bark).JPG
probable-47.jpg,../../data/raw/Pictures for AI\Site 54\Probable(vertical crack rear side of trunk, weak attachments).JPG
probable-48.jpg,../../data/raw/Pictures for AI\Site 59\2- probable (dead limbs, previous failure).JPG
probable-49.jpg,../../data/raw/Pictures for AI\Site 61\Probable (cracks, decay, fruiting bodies back side).JPG
probable-50.jpg,../../data/raw/Pictures for AI\Site 70\Probable (large wound on trunk, loose bark, dieback, decay).JPG
probable-51.jpg,../../data/raw/Pictures for AI\Site 75\Probable (significant dieback, decay, defects line side of tree).JPG
probable-52.jpg,../../data/raw/Pictures for AI\Site 76\Probable (dead overhang).JPG
probable-53.jpg,../../data/raw/Pictures for AI\Site 8\Probable (dead top).JPG
probable-54.jpg,../../data/raw/Pictures for AI\Site 8\Probable (dead, previously failed overhaing).JPG
probable-55.jpg,../../data/raw/Pictures for AI\Site 82\Probable.JPG
probable-56.jpg,../../data/raw/Pictures for AI\Site 88\Probable_Lower limb failure.JPG
probable-57.jpg,../../data/raw/Summer 2021 AI Photos\Amanda\Near power lines\15_probable_crack.jpg
probable-58.jpg,../../data/raw/Summer 2021 AI Photos\Amanda\Near power lines\21_probable.jpg
probable-59.jpg,../../data/raw/Summer 2021 AI Photos\Amanda\Near power lines\37_probable_dead_branch.jpg
probable-60.jpg,../../data/raw/Summer 2021 AI Photos\Amanda\Near power lines\39_probable_dead.jpg
probable-61.jpg,../../data/raw/Summer 2021 AI Photos\Amanda\Near power lines\40_probable_decay.jpg
probable-62.jpg,../../data/raw/Summer 2021 AI Photos\Ari\Near power lines\1 - Probable.jpg
probable-63.jpg,../../data/raw/Summer 2021 AI Photos\Ari\Near power lines\10 - Probable - dead branches closeup.jpg
probable-64.jpg,../../data/raw/Summer 2021 AI Photos\Ari\Near power lines\2 - Probable - codominant stem closeup.jpg
probable-65.jpg,../../data/raw/Summer 2021 AI Photos\Ari\Near power lines\35 - Probable.jpg
probable-66.jpg,../../data/raw/Summer 2021 AI Photos\Ari\Near power lines\6 - Probable - crack in codominant stem closeup.jpg
probable-67.jpg,../../data/raw/Summer 2021 AI Photos\Ari\Near power lines\60 - Probable - close up, dead branch.jpg
probable-68.jpg,../../data/raw/Summer 2021 AI Photos\Ari\Near power lines\61 - Probable - close up, dead branch.jpg
probable-69.jpg,../../data/raw/Summer 2021 AI Photos\Ryan\Away from power lines\13-probable-crack closeup.jpg
probable-70.jpg,../../data/raw/Summer 2021 AI Photos\Ryan\Away from power lines\14-probable-cracks decay loose bark weak attachment angles.jpg
probable-71.jpg,../../data/raw/Summer 2021 AI Photos\Ryan\Away from power lines\6-probable-fruiting body.jpg
probable-72.jpg,../../data/raw/Summer 2021 AI Photos\Ryan\Near power lines\101-probable significant deadwood and decay.jpg
probable-73.jpg,../../data/raw/Summer 2021 AI Photos\Ryan\Near power lines\102-probable deadwood closeup.jpg
probable-74.jpg,../../data/raw/Summer 2021 AI Photos\Ryan\Near power lines\21-probable dead cracked branch.jpg
probable-75.jpg,../../data/raw/Summer 2021 AI Photos\Ryan\Near power lines\22-probable previous failure and dead branches.jpg
probable-76.jpg,../../data/raw/Summer 2021 AI Photos\Ryan\Near power lines\32-probable large cavities dead limbs.jpg
probable-77.jpg,../../data/raw/Summer 2021 AI Photos\Ryan\Near power lines\34-probable large previous failure wound.jpg
probable-78.jpg,../../data/raw/Summer 2021 AI Photos\Ryan\Near power lines\91-probable-large dead sections and basal wound with loose bark.jpg
probable-79.jpg,../../data/raw/Likelihood of Failure Images/IMG_0937.HEIC
probable-80.jpg,../../data/raw/Likelihood of Failure Images/IMG_0938.HEIC
probable-81.jpg,../../data/raw/Likelihood of Failure Images/IMG_0944.HEIC
probable-82.jpg,../../data/raw/Likelihood of Failure Images/IMG_0945.HEIC
probable-83.jpg,../../data/raw/Likelihood of Failure Images/IMG_0955.HEIC
probable-84.jpg,../../data/raw/Likelihood of Failure Images/IMG_0956.HEIC
probable-85.jpg,../../data/raw/Likelihood of Failure Images/IMG_0959.HEIC
probable-86.jpg,../../data/raw/Likelihood of Failure Images/IMG_0960.HEIC
probable-87.jpg,../../data/raw/Likelihood of Failure Images/IMG_0961.HEIC
probable-88.jpg,../../data/raw/Likelihood of Failure Images/IMG_0963.HEIC
probable-89.jpg,../../data/raw/Likelihood of Failure Images/IMG_0964.HEIC
probable-90.jpg,../../data/raw/Likelihood of Failure Images/IMG_0966.HEIC
probable-91.jpg,../../data/raw/Likelihood of Failure Images/IMG_0979.HEIC
probable-92.jpg,../../data/raw/Likelihood of Failure Images/IMG_0980.HEIC
probable-93.jpg,../../data/raw/Likelihood of Failure Images/IMG_0982.HEIC
probable-94.jpg,../../data/raw/Likelihood of Failure Images/IMG_0984.HEIC
probable-95.jpg,../../data/raw/Likelihood of Failure Images/IMG_0985.HEIC
probable-96.jpg,../../data/raw/Likelihood of Failure Images/IMG_0989.HEIC
probable-97.jpg,../../data/raw/Likelihood of Failure Images/IMG_0991.HEIC
probable-98.jpg,../../data/raw/Likelihood of Failure Images/IMG_1002.HEIC
probable-99.jpg,../../data/raw/Likelihood of Failure Images/IMG_1003.HEIC
probable-100.jpg,../../data/raw/Likelihood of Failure Images/IMG_1004.HEIC
probable-101.jpg,../../data/raw/Likelihood of Failure Images/IMG_1005.HEIC
probable-102.jpg,../../data/raw/Likelihood of Failure Images/IMG_1006.HEIC
probable-103.jpg,../../data/raw/Likelihood of Failure Images/IMG_1016.HEIC
probable-104.jpg,../../data/raw/Likelihood of Failure Images/IMG_1027.HEIC
probable-105.jpg,../../data/raw/Likelihood of Failure Images/IMG_1039.HEIC
probable-106.jpg,../../data/raw/Likelihood of Failure Images/IMG_1040.HEIC
probable-107.jpg,../../data/raw/Likelihood of Failure Images/IMG_1046.HEIC
probable-108.jpg,../../data/raw/Likelihood of Failure Images/IMG_1047.HEIC
probable-109.jpg,../../data/raw/Likelihood of Failure Images/IMG_1049.HEIC
probable-110.jpg,../../data/raw/Likelihood of Failure Images/IMG_1050.HEIC
probable-111.jpg,../../data/raw/Likelihood of Failure Images/IMG_1051.HEIC
probable-112.jpg,../../data/raw/Likelihood of Failure Images/IMG_1053.HEIC
probable-113.jpg,../../data/raw/Likelihood of Failure Images/IMG_1056.HEIC
probable-114.jpg,../../data/raw/Likelihood of Failure Images/IMG_1058.HEIC
probable-115.jpg,../../data/raw/Likelihood of Failure Images/IMG_1061.HEIC
probable-116.jpg,../../data/raw/Likelihood of Failure Images/IMG_1063.HEIC
probable-117.jpg,../../data/raw/Likelihood of Failure Images/IMG_1065.HEIC
probable-118.jpg,../../data/raw/Likelihood of Failure Images/IMG_1070.HEIC
probable-119.jpg,../../data/raw/Likelihood of Failure Images/IMG_1071.HEIC
probable-120.jpg,../../data/raw/Likelihood of Failure Images/IMG_1077.HEIC
probable-121.jpg,../../data/raw/Likelihood of Failure Images/IMG_1078.HEIC
probable-122.jpg,../../data/raw/Likelihood of Failure Images/IMG_1080.HEIC
probable-123.jpg,../../data/raw/Likelihood of Failure Images/IMG_1082.HEIC
probable-124.jpg,../../data/raw/Likelihood of Failure Images/IMG_1083.HEIC
probable-125.jpg,../../data/raw/Likelihood of Failure Images/IMG_1084.HEIC
probable-126.jpg,../../data/raw/Likelihood of Failure Images/IMG_1090.HEIC
probable-127.jpg,../../data/raw/Likelihood of Failure Images/IMG_1097.HEIC
probable-128.jpg,../../data/raw/Likelihood of Failure Images/IMG_1098.HEIC
probable-129.jpg,../../data/raw/Likelihood of Failure Images/IMG_1100.HEIC
probable-130.jpg,../../data/raw/Likelihood of Failure Images/IMG_1102.HEIC
probable-131.jpg,../../data/raw/Likelihood of Failure Images/IMG_1108.HEIC
probable-132.jpg,../../data/raw/Likelihood of Failure Images/IMG_1115.HEIC
probable-133.jpg,../../data/raw/Likelihood of Failure Images/IMG_1116.HEIC
probable-134.jpg,../../data/raw/Likelihood of Failure Images/IMG_1117.HEIC
probable-135.jpg,../../data/raw/Likelihood of Failure Images/IMG_1118.HEIC
probable-136.jpg,../../data/raw/Likelihood of Failure Images/IMG_1121.HEIC
probable-137.jpg,../../data/raw/Likelihood of Failure Images/IMG_1122.HEIC
probable-138.jpg,../../data/raw/Likelihood of Failure Images/IMG_1123.HEIC
probable-139.jpg,../../data/raw/Likelihood of Failure Images/IMG_1127.HEIC
probable-140.jpg,../../data/raw/Likelihood of Failure Images/IMG_1131.HEIC
probable-141.jpg,../../data/raw/Likelihood of Failure Images/IMG_1133.HEIC
probable-142.jpg,../../data/raw/Likelihood of Failure Images/IMG_1136.HEIC
probable-143.jpg,../../data/raw/Likelihood of Failure Images/IMG_1141.HEIC
probable-144.jpg,../../data/raw/Likelihood of Failure Images/IMG_1142.HEIC
probable-145.jpg,../../data/raw/Likelihood of Failure Images/IMG_1144.HEIC
probable-146.jpg,../../data/raw/Likelihood of Failure Images/IMG_1145.HEIC
probable-147.jpg,../../data/raw/Likelihood of Failure Images/IMG_1147.HEIC
probable-148.jpg,../../data/raw/Likelihood of Failure Images/IMG_1148.HEIC
probable-149.jpg,../../data/raw/Likelihood of Failure Images/IMG_1150.HEIC
probable-150.jpg,../../data/raw/Likelihood of Failure Images/IMG_1151.HEIC
probable-151.jpg,../../data/raw/Likelihood of Failure Images/IMG_1152.HEIC
probable-152.jpg,../../data/raw/Likelihood of Failure Images/IMG_1153.HEIC
probable-153.jpg,../../data/raw/Likelihood of Failure Images/IMG_1154.HEIC
probable-154.jpg,../../data/raw/Likelihood of Failure Images/IMG_1160.HEIC
probable-155.jpg,../../data/raw/Likelihood of Failure Images/IMG_1161.HEIC
probable-156.jpg,../../data/raw/More AI Tree Pics 04_22/IMG_1851.HEIC
probable-157.jpg,../../data/raw/More AI Tree Pics 04_22/IMG_1869.HEIC
probable-158.jpg,../../data/raw/More AI Tree Pics 04_22/IMG_1881.HEIC
probable-159.jpg,../../data/raw/More AI Tree Pics 04_22/IMG_1887.HEIC
probable-160.jpg,../../data/raw/More AI Tree Pics 04_22/IMG_1890.HEIC
probable-161.jpg,../../data/raw/More AI Tree Pics 04_22/IMG_1975.HEIC
probable-162.jpg,../../data/raw/More AI Tree Pics 04_22/IMG_1984.HEIC
probable-163.jpg,../../data/raw/More AI Tree Pics 04_22/IMG_1988a.HEIC
probable-164.jpg,../../data/raw/More AI Tree Pics 04_22/IMG_1989.HEIC
probable-165.jpg,../../data/raw/More AI Tree Pics 04_22/IMG_1995.HEIC
probable-166.jpg,../../data/raw/More AI Tree Pics 04_22/IMG_1998.HEIC
probable-167.jpg,../../data/raw/More AI Tree Pics 04_22/IMG_1999.HEIC
probable-168.jpg,../../data/raw/More AI Tree Pics 04_22/IMG_2003.HEIC
probable-169.jpg,../../data/raw/More AI Tree Pics 04_22/IMG_2004.HEIC
probable-170.jpg,../../data/raw/More AI Tree Pics 04_22/IMG_2009.HEIC
unknown-0.jpg,../../data/raw/Likelihood of Failure Images/Noho_TreePhotos\10_DNoho.jpg
unknown-1.jpg,../../data/raw/Likelihood of Failure Images/Noho_TreePhotos\11_DNoho.jpg
unknown-2.jpg,../../data/raw/Likelihood of Failure Images/Noho_TreePhotos\12_DNoho.jpg
unknown-3.jpg,../../data/raw/Likelihood of Failure Images/Noho_TreePhotos\1a_DNoho.jpg
unknown-4.jpg,../../data/raw/Likelihood of Failure Images/Noho_TreePhotos\1b_DNoho.jpg
unknown-5.jpg,../../data/raw/Likelihood of Failure Images/Noho_TreePhotos\2_DNoho.jpg
unknown-6.jpg,../../data/raw/Likelihood of Failure Images/Noho_TreePhotos\3_DNoho.jpg
unknown-7.jpg,../../data/raw/Likelihood of Failure Images/Noho_TreePhotos\4_DNoho.jpg
unknown-8.jpg,../../data/raw/Likelihood of Failure Images/Noho_TreePhotos\5_DNoho.jpg
unknown-9.jpg,../../data/raw/Likelihood of Failure Images/Noho_TreePhotos\6_DNoho.jpg
unknown-10.jpg,../../data/raw/Likelihood of Failure Images/Noho_TreePhotos\7_DNoho.jpg
unknown-11.jpg,../../data/raw/Likelihood of Failure Images/Noho_TreePhotos\8_DNoho.jpg
unknown-12.jpg,../../data/raw/Likelihood of Failure Images/Noho_TreePhotos\9_DNoho.jpg
unknown-13.jpg,../../data/raw/More AI Tree Pics 04_22/IMG_1909.jpg
unknown-14.jpg,../../data/raw/More AI Tree Pics 04_22/IMG_1910.jpg
unknown-15.jpg,../../data/raw/More AI Tree Pics 04_22/IMG_1911.jpg
unknown-16.jpg,../../data/raw/More AI Tree Pics 04_22/IMG_1912.jpg
unknown-17.jpg,../../data/raw/More AI Tree Pics 04_22/IMG_1913.jpg
unknown-18.jpg,../../data/raw/Likelihood of Failure Images/IMG_1013.HEIC
unknown-19.jpg,../../data/raw/Likelihood of Failure Images/IMG_1044.HEIC
unknown-20.jpg,../../data/raw/Likelihood of Failure Images/IMG_1059.HEIC
unknown-21.jpg,../../data/raw/Likelihood of Failure Images/IMG_1075.HEIC
unknown-22.jpg,../../data/raw/Likelihood of Failure Images/IMG_1101.HEIC
unknown-23.jpg,../../data/raw/Likelihood of Failure Images/IMG_1134.HEIC
unknown-24.jpg,../../data/raw/Likelihood of Failure Images/IMG_1135.HEIC
unknown-25.jpg,../../data/raw/Likelihood of Failure Images/IMG_1149.HEIC
unknown-26.jpg,../../data/raw/Likelihood of Failure Images/IMG_1155.HEIC
unknown-27.jpg,../../data/raw/Likelihood of Failure Images/IMG_1162.HEIC
